week,date,ID,room,sex,totalmass,originalmass,bagmass,mass,SVL,deltalizardmass,percentofstartweight,percentgrowthrate,notes,pregnant,eggorplug,treat,deltastartmass,weeklymeanmass,weeklymeanSVL,weeklyMi,percentMi,percent1stMi,
1,8/15/2018,2,A,m,13.15,5.15,7.75,5.4,60.2,0.25,1.048543689,1.048543689,,n,n,0.2,0.25,3.803174603,51.65238095,3.016194023,1,1,
1,8/15/2018,3,A,m,11.65,3.95,7.8,3.85,54.8,-0.1,0.974683544,0.974683544,,n,n,2,-0.1,3.803174603,51.65238095,3.074371629,1,1,
1,8/15/2018,4,A,m,12.55,4.8,7.75,4.8,60.2,0,1,1,,n,n,0.02,0,3.803174603,51.65238095,2.681061354,1,1,
1,8/15/2018,5,A,m,11.3,3.75,7.75,3.55,52.8,-0.2,0.946666667,0.946666667,,n,n,2,-0.2,3.803174603,51.65238095,3.265370485,1,1,
1,8/15/2018,6,A,m,13.6,5.85,7.75,5.85,60.7,0,1,1,,n,n,0.2,0,3.803174603,51.65238095,3.166355098,1,1,
1,8/15/2018,7,A,m,13.8,5.95,7.8,6,59,0.05,1.008403361,1.008403361,,n,n,2,0.05,3.803174603,51.65238095,3.618041536,1,1,
1,8/15/2018,8,A,m,14,6.05,7.75,6.25,61.9,0.2,1.033057851,1.033057851,,n,n,0,0.2,3.803174603,51.65238095,3.14014237,1,1,
1,8/15/2018,9,A,m,13.85,6.3,7.8,6.05,63,-0.25,0.96031746,0.96031746,,n,n,0.2,-0.25,3.803174603,51.65238095,2.842698427,1,1,
1,8/15/2018,10,A,m,13.85,5.4,7.8,6.05,59,0.65,1.12037037,1.12037037,,n,n,2,0.65,3.803174603,51.65238095,3.648191882,1,1,
1,8/15/2018,11,A,m,12.25,4.6,7.8,4.45,54.6,-0.15,0.967391304,0.967391304,,n,n,0.02,-0.15,3.803174603,51.65238095,3.603253076,1,1,
1,8/15/2018,12,A,m,11.35,3.2,7.75,3.6,55.8,0.4,1.125,1.125,,n,n,0,0.4,3.803174603,51.65238095,2.683671592,1,1,
1,8/15/2018,13,A,m,12.9,4.75,7.8,5.1,56.8,0.35,1.073684211,1.073684211,,n,n,2,0.35,3.803174603,51.65238095,3.553520582,1,1,
1,8/15/2018,14,A,m,14.3,6.5,7.75,6.55,64,0.05,1.007692308,1.007692308,,n,n,0.02,0.05,3.803174603,51.65238095,2.898712804,1,1,
1,8/15/2018,15,A,f,11.05,3.1,7.8,3.25,49.1,0.15,1.048387097,1.048387097,,n,n,0,0.15,3.803174603,51.65238095,3.940822489,1,1,
1,8/15/2018,16,A,m,14.2,6.45,7.75,6.45,62.2,0,1,1,,n,n,2,0,3.803174603,51.65238095,3.18158386,1,1,
1,8/15/2018,17,A,m,13.45,5.3,7.75,5.7,57.7,0.4,1.075471698,1.075471698,,n,n,0.02,0.4,3.803174603,51.65238095,3.74108371,1,1,?
1,8/15/2018,18,A,f,9.95,2.15,7.75,2.2,44.2,0.05,1.023255814,1.023255814,pregnant,y,n,0.2,0.05,3.803174603,51.65238095,3.979020615,1,1,
1,8/15/2018,19,A,m,13.35,5.2,7.75,5.6,60.3,0.4,1.076923077,1.076923077,,n,n,0.2,0.4,3.803174603,51.65238095,3.108222748,1,1,
1,8/15/2018,21,A,m,13.3,5.55,7.75,5.55,57.7,0,1,1,,n,n,0.2,0,3.803174603,51.65238095,3.642634139,1,1,
1,8/15/2018,22,A,m,13.15,5.35,7.8,5.35,54.1,0,1,1,,n,n,0.02,0,3.803174603,51.65238095,4.486251905,1,1,
1,8/15/2018,23,A,f,10.1,2.5,7.8,2.3,46.7,-0.2,0.92,0.92,,n,n,2,-0.2,3.803174603,51.65238095,3.374473064,1,1,
1,8/15/2018,24,A,m,12.75,5.15,7.75,5,53.4,-0.15,0.970873786,0.970873786,,n,n,0.2,-0.15,3.803174603,51.65238095,4.405656817,1,1,
1,8/15/2018,25,A,m,11.7,4,7.8,3.9,55.8,-0.1,0.975,0.975,,n,n,0.02,-0.1,3.803174603,51.65238095,2.907310891,1,1,
1,8/15/2018,27,A,f,10.25,2.6,7.75,2.5,47.8,-0.1,0.961538462,0.961538462,,n,n,0,-0.1,3.803174603,51.65238095,3.357099235,1,1,
1,8/15/2018,28,A,m,13.3,5.4,7.75,5.55,57.2,0.15,1.027777778,1.027777778,,n,n,0.2,0.15,3.803174603,51.65238095,3.765223264,1,1,
1,8/15/2018,30,A,m,12.55,4.7,7.75,4.8,55,0.1,1.021276596,1.021276596,,n,n,0.02,0.1,3.803174603,51.65238095,3.780243289,1,1,
1,8/15/2018,32,A,m,13.9,6.2,7.75,6.15,61,-0.05,0.991935484,0.991935484,,n,n,0.2,-0.05,3.803174603,51.65238095,3.266899118,1,1,
1,8/15/2018,33,A,m,13.6,5.95,7.75,5.85,61.5,-0.1,0.983193277,0.983193277,,n,n,2,-0.1,3.803174603,51.65238095,3.01254229,1,1,
1,8/15/2018,34,A,m,14.3,6.15,7.8,6.5,58.8,0.35,1.056910569,1.056910569,,n,n,2,0.35,3.803174603,51.65238095,3.970490318,1,1,
1,8/15/2018,35,A,m,14.7,6.4,7.75,6.95,60.5,0.55,1.0859375,1.0859375,,n,n,0.02,0.55,3.803174603,51.65238095,3.809252044,1,1,
1,8/15/2018,36,A,m,13.45,5.65,7.75,5.7,60.3,0.05,1.008849558,1.008849558,,n,n,0,0.05,3.803174603,51.65238095,3.163726725,1,1,
1,8/15/2018,37,A,m,13.8,6,7.75,6.05,60.9,0.05,1.008333333,1.008333333,,n,n,0,0.05,3.803174603,51.65238095,3.233894931,1,1,
1,8/15/2018,38,A,m,13.85,5.65,7.8,6.05,63.9,0.4,1.07079646,1.07079646,,n,n,0,0.4,3.803174603,51.65238095,2.693407465,1,1,
1,8/15/2018,40,B,m,14.25,6.4,7.75,6.5,63.1,0.1,1.015625,1.015625,,n,n,0,0.1,3.803174603,51.65238095,3.035771694,1,1,
1,8/15/2018,41,B,f,10.15,2.25,7.75,2.4,42.2,0.15,1.066666667,1.066666667,egg plug,n,y,0.02,0.15,3.803174603,51.65238095,5.176615408,1,1,
1,8/15/2018,42,B,f,9.7,1.85,7.75,1.95,43.8,0.1,1.054054054,1.054054054,,n,n,2,0.1,3.803174603,51.65238095,3.650931269,1,1,
1,8/15/2018,43,B,f,9.65,2.05,7.8,1.85,44.9,-0.2,0.902439024,0.902439024,,n,n,2,-0.2,3.803174603,51.65238095,3.151897609,1,1,
1,8/15/2018,44,B,m,12.25,4.35,7.75,4.5,55.5,0.15,1.034482759,1.034482759,,n,n,0,0.15,3.803174603,51.65238095,3.424076307,1,1,
1,8/15/2018,45,B,m,11.15,3.4,7.8,3.35,51.5,-0.05,0.985294118,0.985294118,,n,n,0,-0.05,3.803174603,51.65238095,3.387854285,1,1,
1,8/15/2018,48,B,f,8.85,1.2,7.75,1.1,36.6,-0.1,0.916666667,0.916666667,,n,n,0.02,-0.1,3.803174603,51.65238095,4.07739535,1,1,
1,8/15/2018,49,B,f,9.05,1.4,7.75,1.3,38.9,-0.1,0.928571429,0.928571429,,n,n,0.02,-0.1,3.803174603,51.65238095,3.821810092,1,1,
1,8/15/2018,52,B,f,9.05,1.85,7.8,1.25,39.2,-0.6,0.675675676,0.675675676,,n,n,0.2,-0.6,3.803174603,51.65238095,3.569000444,1,1,
1,8/15/2018,53,B,f,9.8,2.2,7.8,2,46,-0.2,0.909090909,0.909090909,egg,n,y,0.2,-0.2,3.803174603,51.65238095,3.107801941,1,1,
1,8/15/2018,54,B,f,9.85,1.75,7.75,2.1,43.2,0.35,1.2,1.2,egg,n,y,0.2,0.35,3.803174603,51.65238095,4.143532405,1,1,
1,8/15/2018,55,B,f,10.05,2.95,7.75,2.3,48.2,-0.65,0.779661017,0.779661017,egg,n,y,0.2,-0.65,3.803174603,51.65238095,2.992180435,1,1,
1,8/15/2018,56,B,f,9.85,2.65,7.8,2.05,44.2,-0.05,0.981132075,0.981132075,pregnant,y,n,2,-0.05,3.803174603,51.65238095,4.702478909,1,1,
1,8/15/2018,59,B,f,8.75,1.2,7.75,1,36.5,-0.2,0.833333333,0.833333333,,n,n,0,-0.2,3.803174603,51.65238095,3.745494381,1,1,
1,8/15/2018,60,B,f,9.5,1.55,7.8,1.7,41.3,0.15,1.096774194,1.096774194,,n,n,0.2,0.15,3.803174603,51.65238095,3.980067335,1,1,
1,8/15/2018,63,B,f,NA,NA,NA,NA,NA,NA,NA,NA,NA,NA,NA,2,NA,NA,NA,NA,NA,NA,
1,8/15/2018,64,B,f,10.25,2.35,7.75,2.5,47.7,0.15,1.063829787,1.063829787,,n,n,0,0.15,3.803174603,51.65238095,3.383944513,1,1,
1,8/15/2018,66,B,f,9.5,1.85,7.8,1.7,48.2,-0.15,0.918918919,0.918918919,,n,n,0.2,-0.15,3.803174603,51.65238095,2.211611626,1,1,
1,8/15/2018,67,B,f,9.45,1.75,7.85,1.6,41.5,-0.15,0.914285714,0.914285714,,n,n,2,-0.15,3.803174603,51.65238095,3.677750381,1,1,
1,8/15/2018,68,B,f,10.65,2.6,7.75,2.9,47.4,0.3,1.115384615,1.115384615,egg,n,y,0,0.3,3.803174603,51.65238095,4.020703639,1,1,
1,8/15/2018,70,B,f,9.1,1.6,7.8,1.3,44.5,-0.3,0.8125,0.8125,egg,n,y,2,-0.3,3.803174603,51.65238095,2.29152245,1,1,
1,8/15/2018,73,B,f,9.9,1.9,7.8,2.1,47.4,0.2,1.105263158,1.105263158,,n,n,0.02,0.2,3.803174603,51.65238095,2.911544014,1,1,
1,8/15/2018,74,B,f,10.75,2.6,7.8,2.95,47.2,0.35,1.134615385,1.134615385,,n,n,2,0.35,3.803174603,51.65238095,4.156329927,1,1,
1,8/15/2018,75,B,f,10.5,2.45,7.75,2.75,45.7,0.3,1.12244898,1.12244898,,n,n,0.02,0.3,3.803174603,51.65238095,4.380899123,1,1,
1,8/15/2018,76,B,f,9.95,2.5,7.8,2.15,45.2,-0.35,0.86,0.86,egg,n,y,0,-0.35,3.803174603,51.65238095,3.57140987,1,1,
1,8/15/2018,77,B,f,10.55,2.6,7.8,2.75,47.8,0.15,1.057692308,1.057692308,pregnant,y,n,0,0.15,3.803174603,51.65238095,3.692809158,1,1,
1,8/15/2018,78,B,f,9.85,2.3,7.8,2.05,43,-0.25,0.891304348,0.891304348,egg,n,y,0.02,-0.25,3.803174603,51.65238095,4.116895187,1,1,
1,8/15/2018,79,B,f,10.8,2.9,7.8,3,47,0.1,1.034482759,1.034482759,,n,n,0.2,0.1,3.803174603,51.65238095,4.295590192,1,1,
1,8/15/2018,80,A,f,10.2,2.5,7.75,2.45,45.5,-0.05,0.98,0.98,egg,n,y,0,-0.05,3.803174603,51.65238095,3.968633038,1,1,
1,8/15/2018,81,A,f,10.45,2.5,7.75,2.7,43,0.2,1.08,1.08,egg,n,y,0.02,0.2,3.803174603,51.65238095,5.422252198,1,1,
1,8/15/2018,82,A,f,9.7,1.5,7.8,1.9,47,0.4,1.266666667,1.266666667,,n,n,0.02,0.4,3.803174603,51.65238095,2.720540455,1,1,
2,8/22/2018,2,A,m,13.15,5.15,7.8,5.35,57.6,-0.05,1.038834951,0.990740741,,n,n,0.2,0.2,3.671875,50.946875,3.408982176,1.130226421,1.130226421,
2,8/22/2018,3,A,m,11.75,3.95,7.8,3.95,53.9,0.1,1,1.025974026,,n,n,2,0,3.671875,50.946875,3.21175089,1.044685314,1.044685314,
2,8/22/2018,4,A,m,12.1,4.8,7.8,4.3,57.6,-0.5,0.895833333,0.895833333,,n,n,0.02,-0.5,3.671875,50.946875,2.739929599,1.021957067,1.021957067,
2,8/22/2018,5,A,m,11.3,3.75,7.8,3.5,52.4,-0.05,0.933333333,0.985915493,,n,n,2,-0.25,3.671875,50.946875,3.156608559,0.966692317,0.966692317,
2,8/22/2018,6,A,m,13.3,5.85,7.8,5.5,57,-0.35,0.94017094,0.94017094,,n,n,0.2,-0.35,3.671875,50.946875,3.641933056,1.150197291,1.150197291,
2,8/22/2018,7,A,m,13.75,5.95,7.8,5.95,60.5,-0.05,1,0.991666667,,n,n,2,0,3.671875,50.946875,3.165601217,0.874948832,0.874948832,
2,8/22/2018,8,A,m,13.9,6.05,7.8,6.1,64.6,-0.15,1.008264463,0.976,,n,n,0,0.05,3.671875,50.946875,2.550965369,0.812372519,0.812372519,
2,8/22/2018,9,A,m,13.75,6.3,7.8,5.95,61,-0.1,0.944444444,0.983471074,,n,n,0.2,-0.35,3.671875,50.946875,3.071363597,1.080439475,1.080439475,
2,8/22/2018,10,A,m,12.6,5.4,7.8,4.8,61.4,-1.25,0.888888889,0.79338843,,n,n,2,-0.6,3.671875,50.946875,2.418982655,0.663063439,0.663063439,
2,8/22/2018,11,A,m,12.2,4.6,7.8,4.4,54.3,-0.05,0.956521739,0.988764045,,n,n,0.02,-0.2,3.671875,50.946875,3.481823939,0.966300136,0.966300136,
2,8/22/2018,12,A,m,11.45,3.2,7.8,3.65,50.3,0.05,1.140625,1.013888889,,n,n,0,0.45,3.671875,50.946875,3.825341166,1.425413295,1.425413295,
2,8/22/2018,13,A,m,12.75,4.75,7.8,4.95,59,-0.15,1.042105263,0.970588235,,n,n,2,0.2,3.671875,50.946875,2.887887184,0.812683399,0.812683399,
2,8/22/2018,14,A,m,14.3,6.5,7.8,6.5,61.6,-0.05,1,0.992366412,,n,n,0.02,0,3.671875,50.946875,3.23682287,1.11664145,1.11664145,
2,8/22/2018,15,A,f,10.9,3.1,7.8,3.1,50.2,-0.15,1,0.953846154,,n,n,0,0,3.671875,50.946875,3.272747405,0.830473185,0.830473185,
2,8/22/2018,16,A,m,14.1,6.45,7.8,6.3,62.5,-0.15,0.976744186,0.976744186,,n,n,2,-0.15,3.671875,50.946875,2.97451296,0.934915781,0.934915781,
2,8/22/2018,17,A,m,13.2,5.3,7.8,5.4,57.2,-0.3,1.018867925,0.947368421,,n,n,0.02,0.1,3.671875,50.946875,3.530022482,0.943582864,0.943582864,?
2,8/22/2018,18,A,f,10.25,2.15,7.8,2.45,44.4,0.25,1.139534884,1.113636364,,y,n,0.2,0.3,3.671875,50.946875,4.059793984,1.020299812,1.020299812,
2,8/22/2018,19,A,m,13.15,5.2,7.8,5.35,59.9,-0.25,1.028846154,0.955357143,,n,n,0.2,0.15,3.671875,50.946875,2.952479721,0.949893222,0.949893222,
2,8/22/2018,21,A,m,13.4,5.55,7.8,5.6,57.8,0.05,1.009009009,1.009009009,,n,n,0.2,0.05,3.671875,50.946875,3.52315297,0.96719924,0.96719924,
2,8/22/2018,22,A,m,12.4,5.35,7.8,4.6,58.2,-0.75,0.859813084,0.859813084,,n,n,0.02,-0.75,3.671875,50.946875,2.821652337,0.628955395,0.628955395,
2,8/22/2018,23,A,f,10.25,2.5,7.8,2.45,44,0.15,0.98,1.065217391,,n,n,2,-0.05,3.671875,50.946875,4.196966886,1.243739928,1.243739928,
2,8/22/2018,24,A,m,13.25,5.15,7.85,5.4,57.1,0.4,1.048543689,1.08,,n,n,0.2,0.25,3.671875,50.946875,3.552775822,0.806412294,0.806412294,
2,8/22/2018,25,A,m,11.7,4,7.8,3.9,55.9,0,0.975,1,,n,n,0.02,-0.1,3.671875,50.946875,2.774017073,0.954152197,0.954152197,
2,8/22/2018,26,B,f,9.95,2.25,7.8,2.15,44,0.05,0.955555556,1.023809524,,n,n,0,-0.1,3.671875,50.946875,3.683052573,1,1,
2,8/22/2018,27,A,f,10.4,2.6,7.75,2.65,46.8,0.15,1.019230769,1.06,,n,n,0,0.05,3.671875,50.946875,3.619379622,1.078127088,1.078127088,
2,8/22/2018,28,A,m,13.15,5.4,7.85,5.3,55,-0.25,0.981481481,0.954954955,,n,n,0.2,-0.1,3.671875,50.946875,4.001325427,1.062706019,1.062706019,
2,8/22/2018,30,A,m,12.25,4.7,7.8,4.45,55.4,-0.35,0.946808511,0.927083333,,n,n,0.02,-0.25,3.671875,50.946875,3.2713902,0.865391445,0.865391445,
2,8/22/2018,32,A,m,13.8,6.2,7.8,6,60.7,-0.15,0.967741935,0.975609756,,n,n,0.2,-0.2,3.671875,50.946875,3.153751936,0.965365572,0.965365572,
2,8/22/2018,33,A,m,13.65,5.95,7.8,5.85,63.7,0,0.983193277,1,,n,n,2,-0.1,3.671875,50.946875,2.57574961,0.855008615,0.855008615,
2,8/22/2018,34,A,m,13.9,6.15,7.8,6.1,59.9,-0.4,0.991869919,0.938461538,,n,n,2,-0.05,3.671875,50.946875,3.366378747,0.84784963,0.84784963,
2,8/22/2018,35,A,m,14.45,6.4,7.8,6.65,60.8,-0.3,1.0390625,0.956834532,,n,n,0.02,0.25,3.671875,50.946875,3.474345028,0.912080636,0.912080636,
2,8/22/2018,36,A,m,13.1,5.65,7.75,5.35,60.5,-0.35,0.946902655,0.938596491,,n,n,0,-0.3,3.671875,50.946875,2.846380926,0.899692411,0.899692411,
2,8/22/2018,37,A,m,13.75,6,7.8,5.95,59.3,-0.1,0.991666667,0.983471074,,n,n,0,-0.05,3.671875,50.946875,3.407250142,1.053605703,1.053605703,
2,8/22/2018,38,A,m,13.65,5.65,7.8,5.85,60.3,-0.2,1.03539823,0.966942149,,n,n,0,0.2,3.671875,50.946875,3.150471029,1.169697147,1.169697147,
2,8/22/2018,40,B,m,14.4,6.4,7.8,6.6,61.9,0.1,1.03125,1.015384615,,n,n,0,0.2,3.671875,50.946875,3.228509647,1.063488948,1.063488948,
2,8/22/2018,41,B,f,10.05,2.25,7.8,2.25,44.3,-0.15,1,0.9375,eggs,n,y,0.02,0,3.671875,50.946875,3.759378823,0.726223319,0.726223319,
2,8/22/2018,42,B,f,9.9,1.85,7.8,2.1,42.9,0.15,1.135135135,1.076923077,,n,n,2,0.25,3.671875,50.946875,3.947866241,1.081331296,1.081331296,
2,8/22/2018,43,B,f,9.2,2.05,7.8,1.4,44.1,-0.45,0.682926829,0.756756757,,n,n,2,-0.65,3.671875,50.946875,2.378358645,0.75457992,0.75457992,
2,8/22/2018,44,B,m,12.3,4.35,7.8,4.5,55.5,0,1.034482759,1,,n,n,0,0.15,3.671875,50.946875,3.28631335,0.959766388,0.959766388,
2,8/22/2018,45,B,m,11.15,3.4,7.8,3.35,50.7,0,0.985294118,1,,n,n,0,-0.05,3.671875,50.946875,3.410287248,1.006621584,1.006621584,
2,8/22/2018,48,B,f,9.15,1.2,7.8,1.35,37.9,0.25,1.125,1.227272727,,n,n,0.02,0.15,3.671875,50.946875,4.000278004,0.981086615,0.981086615,
2,8/22/2018,49,B,f,9.1,1.4,7.85,1.25,39.4,-0.05,0.892857143,0.961538462,,n,n,0.02,-0.15,3.671875,50.946875,3.211955933,0.840427927,0.840427927,
2,8/22/2018,52,B,f,9.25,1.85,7.8,1.45,37.4,0.2,0.783783784,1.16,,n,n,0.2,-0.4,3.671875,50.946875,4.511306587,1.264025224,1.264025224,
2,8/22/2018,53,B,f,9.8,2.2,7.8,2,45.5,0,0.909090909,1,,n,n,0.2,-0.2,3.671875,50.946875,3.029295595,0.974738948,0.974738948,
2,8/22/2018,54,B,f,10.15,1.75,7.8,2.35,42.4,0.25,1.342857143,1.119047619,,n,n,0.2,0.6,3.671875,50.946875,4.612178557,1.11310305,1.11310305,
2,8/22/2018,55,B,f,10.05,2.95,7.8,2.25,46.7,-0.05,0.762711864,0.97826087,,n,n,0.2,-0.7,3.671875,50.946875,3.097289869,1.03512804,1.03512804,
2,8/22/2018,56,B,f,10.4,2.65,7.8,2.6,45,0,0.981132075,1.268292683,,y,n,2,-0.05,3.671875,50.946875,4.101152358,0.872125625,0.872125625,
2,8/22/2018,60,B,f,9.6,1.55,7.85,1.75,39.7,0.05,1.129032258,1.029411765,,n,n,0.2,0.2,3.671875,50.946875,4.373220864,1.098780623,1.098780623,
2,8/22/2018,62,B,f,8.75,0.95,7.8,0.95,33.3,-0.05,1,0.95,,n,n,0,0,3.671875,50.946875,4.527108885,1,1,
2,8/22/2018,63,,f,9.05,1.25,7.8,1.25,36.9,NA,1,NA,,n,n,2,0,3.671875,50.946875,4.086084368,NA,NA,
2,8/22/2018,64,B,f,9.95,2.35,7.8,2.15,47.2,-0.35,0.914893617,0.86,egg 8/17,y,y,0,-0.2,3.671875,50.946875,2.846131346,0.841069153,0.841069153,
2,8/22/2018,66,B,f,9.65,1.85,7.8,1.85,45,0.15,1,1.088235294,,n,n,0.2,0,3.671875,50.946875,2.91812764,1.319457542,1.319457542,
2,8/22/2018,67,B,f,9.15,1.75,7.8,1.35,41.5,-0.25,0.771428571,0.84375,,y,n,2,-0.4,3.671875,50.946875,2.866722586,0.779477205,0.779477205,
2,8/22/2018,70,B,f,8.95,1.6,7.8,1.15,42.8,-0.15,0.71875,0.396551724,egg 8/20,n,y,2,-0.45,3.671875,50.946875,2.180532207,0.951564846,0.951564846,
2,8/22/2018,73,B,f,10,1.9,7.8,2.2,47,0.1,1.157894737,1.692307692,,n,n,0.02,0.3,3.671875,50.946875,2.958084757,1.015984901,1.015984901,
2,8/22/2018,74,B,f,10.55,2.6,7.8,2.75,46.2,-0.2,1.057692308,1.30952381,egg 8/22,y,y,2,0.15,3.671875,50.946875,3.938199336,0.947518461,0.947518461,
2,8/22/2018,75,B,f,10.5,2.45,7.8,2.7,45,-0.05,1.102040816,0.915254237,,n,n,0.02,0.25,3.671875,50.946875,4.258888988,0.972149522,0.972149522,
2,8/22/2018,76,B,f,10.35,2.5,7.8,2.55,45.2,0.4,1.02,0.927272727,,n,n,0,0.05,3.671875,50.946875,3.957318404,1.108054955,1.108054955,
2,8/22/2018,77,B,f,10.8,2.6,7.8,3,48.3,0.25,1.153846154,1.395348837,,n,n,0,0.4,3.671875,50.946875,3.649220776,0.988196416,0.988196416,
2,8/22/2018,78,B,f,10.1,2.3,7.8,2.3,43.1,0.25,1,0.836363636,,n,n,0.02,0,3.671875,50.946875,4.250635494,1.032485721,1.032485721,
2,8/22/2018,79,B,f,10.7,2.9,7.8,2.9,50,-0.1,1,1.414634146,,y,n,0.2,0,3.671875,50.946875,3.106810527,0.723255801,0.723255801,
2,8/22/2018,80,A,f,10.25,2.5,7.75,2.5,45.4,0.05,1,0.833333333,,n,n,0,0,3.671875,50.946875,3.817335259,0.961876601,0.961876601,
2,8/22/2018,81,A,f,10.5,2.5,7.8,2.7,45.3,0,1.08,1.102040816,,n,n,0.02,0.2,3.671875,50.946875,4.156238236,0.766515109,0.766515109,
2,8/22/2018,82,A,f,9.55,1.5,7.8,1.75,40.2,-0.15,1.166666667,0.648148148,,n,n,0.02,0.25,3.671875,50.946875,4.176791196,1.535279944,1.535279944,
3,8/29/2018,2,A,m,13,5.15,7.75,5.25,58,-0.1,1.019417476,0.981308411,,n,n,0.2,0.1,3.761904762,50.15853659,3.039810789,0.891706273,1.007829989,
3,8/29/2018,3,A,m,11.9,3.95,7.8,4.1,54.6,0.15,1.037974684,1.037974684,,n,n,2,0.15,3.761904762,50.15853659,2.9796551,0.927735432,0.969191581,
3,8/29/2018,4,A,m,12.15,4.8,7.75,4.4,58.5,0.1,0.916666667,1.023255814,,n,n,0.02,-0.4,3.761904762,50.15853659,2.466698239,0.900277963,0.920045427,
3,8/29/2018,5,A,m,11.15,3.75,7.75,3.4,53.3,-0.1,0.906666667,0.971428571,,n,n,2,-0.35,3.761904762,50.15853659,2.70539711,0.857058156,0.828511534,
3,8/29/2018,6,A,m,12.95,5.85,8.05,4.9,NA,-0.6,0.837606838,0.890909091,,n,n,0.2,-0.95,3.761904762,50.15853659,NA,NA,NA,
3,8/29/2018,7,A,m,13.95,5.95,7.8,6.15,NA,0.2,1.033613445,1.033613445,,n,n,2,0.2,3.761904762,50.15853659,NA,NA,NA,
3,8/29/2018,8,A,m,14.3,6.05,7.75,6.55,62.8,0.45,1.082644628,1.073770492,,n,n,0,0.5,3.761904762,50.15853659,2.812054733,1.102349239,0.895518229,
3,8/29/2018,9,A,m,14.15,6.3,7.95,6.2,NA,0.25,0.984126984,1.042016807,,n,n,0.2,-0.1,3.761904762,50.15853659,NA,NA,NA,
3,8/29/2018,10,A,m,13,5.4,7.8,5.2,59.4,0.4,0.962962963,1.083333333,,n,n,2,-0.2,3.761904762,50.15853659,2.752473108,1.137863929,0.75447597,
3,8/29/2018,11,A,m,12.3,4.6,8.15,4.15,NA,-0.25,0.902173913,0.943181818,,n,n,0.02,-0.45,3.761904762,50.15853659,NA,NA,NA,
3,8/29/2018,12,A,m,12.15,3.2,8.3,3.85,NA,0.2,1.203125,1.054794521,,n,n,0,0.65,3.761904762,50.15853659,NA,NA,NA,
3,8/29/2018,13,A,m,12.7,4.75,7.8,4.9,58,-0.05,1.031578947,0.98989899,,n,n,2,0.15,3.761904762,50.15853659,2.837156736,0.982433369,0.798407289,
3,8/29/2018,14,A,m,14.75,6.5,8.15,6.6,NA,0.1,1.015384615,1.015384615,,n,n,0.02,0.1,3.761904762,50.15853659,NA,NA,NA,
3,8/29/2018,15,A,f,11.7,3.1,8.3,3.4,NA,0.3,1.096774194,1.096774194,,n,n,0,0.3,3.761904762,50.15853659,NA,NA,NA,
3,8/29/2018,16,A,m,14.4,6.45,7.8,6.6,61.6,0.3,1.023255814,1.047619048,,n,n,2,0.15,3.761904762,50.15853659,3.046822454,1.024309692,0.957643296,
3,8/29/2018,17,A,m,13.2,5.3,7.8,5.4,56.7,0,1.018867925,1,,n,n,0.02,0.1,3.761904762,50.15853659,3.404996855,0.964582201,0.910163236,?
3,8/29/2018,18,A,f,10.5,2.15,7.95,2.55,NA,0.1,1.186046512,1.040816327,,y,y,0.2,0.4,3.761904762,50.15853659,NA,NA,NA,
3,8/29/2018,19,A,m,13.3,5.2,7.75,5.55,58.4,0.2,1.067307692,1.037383178,,n,n,0.2,0.35,3.761904762,50.15853659,3.131493373,1.060631628,1.007486795,
3,8/29/2018,21,A,m,13.05,5.55,7.75,5.3,57.8,-0.3,0.954954955,0.946428571,,n,n,0.2,-0.25,3.761904762,50.15853659,3.108898612,0.882419423,0.853475396,
3,8/29/2018,22,A,m,12.95,5.35,8.1,4.85,NA,0.25,0.906542056,1.054347826,,n,n,0.02,-0.5,3.761904762,50.15853659,NA,NA,NA,
3,8/29/2018,23,A,f,10,2.5,7.8,2.2,43.4,-0.25,0.88,0.897959184,,n,n,2,-0.3,3.761904762,50.15853659,3.792081692,0.903529095,1.123755212,
3,8/29/2018,24,A,m,13.2,5.15,7.95,5.25,NA,-0.15,1.019417476,0.972222222,,n,n,0.2,0.1,3.761904762,50.15853659,NA,NA,NA,
3,8/29/2018,25,A,m,12.05,4,8.05,4,NA,0.1,1,1.025641026,,n,n,0.02,0,3.761904762,50.15853659,NA,NA,NA,
3,8/29/2018,26,B,f,10.45,2.25,7.75,2.7,45.4,0.55,1.2,1.255813953,,n,n,0,0.45,3.761904762,50.15853659,3.928374429,1.066608296,1.066608296,
3,8/29/2018,27,A,f,10.3,2.6,7.75,2.55,46.1,-0.1,0.980769231,0.962264151,,y,y,0,-0.05,3.761904762,50.15853659,3.502604987,0.967736284,1.043342702,
3,8/29/2018,28,A,m,13.25,5.4,7.9,5.35,NA,0.05,0.990740741,1.009433962,,n,n,0.2,-0.05,3.761904762,50.15853659,NA,NA,NA,
3,8/29/2018,30,A,m,12.55,4.7,7.75,4.8,57,0.35,1.021276596,1.078651685,,n,n,0.02,0.1,3.761904762,50.15853659,2.967171654,0.907006341,0.784915527,
3,8/29/2018,32,A,m,14.35,6.2,7.75,6.6,58.8,0.6,1.064516129,1.1,,n,n,0.2,0.4,3.761904762,50.15853659,3.629529761,1.150860891,1.111001482,
3,8/29/2018,33,A,m,14,5.95,7.75,6.25,58.7,0.4,1.050420168,1.068376068,,n,n,2,0.3,3.761904762,50.15853659,3.45913361,1.342961908,1.148244,
3,8/29/2018,34,A,m,14.15,6.15,7.75,6.4,60.5,0.3,1.040650407,1.049180328,,n,n,2,0.25,3.761904762,50.15853659,3.161705105,0.939200649,0.796300923,
3,8/29/2018,35,A,m,14.45,6.4,7.75,6.7,61.8,0.05,1.046875,1.007518797,,n,n,0.02,0.3,3.761904762,50.15853659,3.055498991,0.879446044,0.802125707,
3,8/29/2018,36,A,m,13.35,5.65,7.75,5.6,57.4,0.25,0.991150442,1.046728972,,n,n,0,-0.05,3.761904762,50.15853659,3.371820278,1.184599098,1.065774819,
3,8/29/2018,37,A,m,14.55,6,8.25,6.3,NA,0.35,1.05,1.058823529,,n,n,0,0.3,3.761904762,50.15853659,NA,NA,NA,
3,8/29/2018,38,A,m,13.8,5.65,8.25,5.55,NA,-0.3,0.982300885,0.948717949,,n,n,0,-0.1,3.761904762,50.15853659,NA,NA,NA,
3,8/29/2018,40,B,m,14.35,6.4,7.75,6.6,60.3,0,1.03125,1,,n,n,0,0.2,3.761904762,50.15853659,3.301377417,1.022570095,1.087491995,
3,8/29/2018,41,B,f,9.9,2.25,7.75,2.15,42.9,-0.1,0.955555556,0.955555556,,y,n,0.02,-0.1,3.761904762,50.15853659,3.871016422,1.029695757,0.74778907,
3,8/29/2018,42,B,f,9.6,1.85,7.75,1.85,43.6,-0.25,1,0.880952381,,n,n,2,0,3.761904762,50.15853659,3.13411633,0.793876018,0.858442983,
3,8/29/2018,43,B,f,9.65,2.05,7.8,1.85,40.1,0.45,0.902439024,1.321428571,,n,n,2,-0.2,3.761904762,50.15853659,4.293690082,1.805316491,1.362255573,
3,8/29/2018,44,B,m,12.35,4.35,7.75,4.6,53.1,0.1,1.057471264,1.022222222,,n,n,0,0.25,3.761904762,50.15853659,3.712375971,1.129647595,1.084197792,
3,8/29/2018,45,B,m,11.65,3.4,8.25,3.4,NA,0.05,1,1.014925373,,n,n,0,0,3.761904762,50.15853659,NA,NA,NA,
3,8/29/2018,48,B,f,8.95,1.2,7.75,1.2,36.4,-0.15,1,0.888888889,,n,n,0.02,0,3.761904762,50.15853659,4.008685009,1.002101605,0.983148472,
3,8/29/2018,49,B,f,8.85,1.4,7.75,1.1,38.7,-0.15,0.785714286,0.88,,n,n,0.02,-0.3,3.761904762,50.15853659,2.918170482,0.908533786,0.763557166,
3,8/29/2018,52,B,f,9.3,1.85,7.9,1.4,39,-0.05,0.756756757,0.965517241,,n,n,0.2,-0.45,3.761904762,50.15853659,3.60769595,0.799700903,1.010842113,
3,8/29/2018,53,B,f,10.1,2.2,7.75,2.35,47,0.35,1.068181818,1.175,,n,n,0.2,0.15,3.761904762,50.15853659,3.001444955,0.990806232,0.965777425,
3,8/29/2018,54,B,f,9.8,1.75,7.75,2.05,42.6,-0.3,1.171428571,0.872340426,,y,n,0.2,0.3,3.761904762,50.15853659,3.789706233,0.821673789,0.914607601,
3,8/29/2018,55,B,f,10.1,2.95,7.75,2.35,47.6,0.1,0.796610169,1.044444444,,n,n,0.2,-0.6,3.761904762,50.15853659,2.861578691,0.923897605,0.956352317,
3,8/29/2018,56,B,f,9.95,2.65,7.75,2.2,43.7,-0.4,0.830188679,0.846153846,,y,y,2,-0.45,3.761904762,50.15853659,3.69507422,0.900984381,0.785771567,
3,8/29/2018,60,B,f,9.45,1.55,7.9,1.55,40.6,-0.2,1,0.885714286,,n,n,0.2,0,3.761904762,50.15853659,3.433565746,0.78513431,0.862690366,
3,8/29/2018,62,B,f,9.1,0.95,8.2,0.9,NA,-0.05,0.947368421,0.947368421,,n,n,0,-0.05,3.761904762,50.15853659,NA,NA,NA,
3,8/29/2018,63,,f,9.25,1.25,7.75,1.5,38.8,0.25,1.2,1.2,,n,n,2,0.25,3.761904762,50.15853659,3.940878447,0.964463308,0.964463308,
3,8/29/2018,64,B,f,10.2,2.35,8.2,2,NA,-0.15,0.85106383,0.930232558,,y,n,0,-0.35,3.761904762,50.15853659,NA,NA,NA,
3,8/29/2018,66,B,f,9.9,1.85,7.75,2.15,45,0.3,1.162162162,1.162162162,,n,n,0.2,0.3,3.761904762,50.15853659,3.234043423,1.108259755,1.462301692,
3,8/29/2018,67,B,f,8.85,1.75,7.75,1.1,41.7,-0.25,0.628571429,0.814814815,,y,n,2,-0.65,3.761904762,50.15853659,2.203588818,0.768678779,0.599167586,
3,8/29/2018,70,B,f,NA,NA,NA,NA,NA,NA,NA,NA,NA,NA,NA,2,NA,NA,NA,NA,NA,NA,
3,8/29/2018,73,B,f,10.25,1.9,8.05,2.2,NA,0,1.157894737,1,,n,n,0.02,0.3,3.761904762,50.15853659,NA,NA,NA,
3,8/29/2018,74,B,f,10.5,2.6,7.8,2.7,46.8,-0.05,1.038461538,0.981818182,,y,n,2,0.1,3.761904762,50.15853659,3.504236031,0.889806669,0.843108245,
3,8/29/2018,75,B,f,10.5,2.45,8.05,2.45,NA,-0.25,1,0.907407407,,y,n,0.02,0,3.761904762,50.15853659,NA,NA,NA,
3,8/29/2018,76,B,f,10.45,2.5,7.75,2.7,45.9,0.15,1.08,1.058823529,,n,n,0,0.2,3.761904762,50.15853659,3.769798384,0.952614371,1.055549075,
3,8/29/2018,77,B,f,11.05,2.6,8.2,2.85,NA,-0.15,1.096153846,0.95,,y,y,0,0.25,3.761904762,50.15853659,NA,NA,NA,
3,8/29/2018,78,B,f,10.2,2.3,8.05,2.15,NA,-0.15,0.934782609,0.934782609,,n,n,0.02,-0.15,3.761904762,50.15853659,NA,NA,NA,
3,8/29/2018,79,B,f,10.45,2.9,7.85,2.6,46.4,-0.3,0.896551724,0.896551724,,y,y,0.2,-0.3,3.761904762,50.15853659,3.485193024,1.121791301,0.811342067,
3,8/29/2018,80,A,f,10.35,2.5,7.75,2.6,43.5,0.1,1.04,1.04,,n,n,0,0.1,3.761904762,50.15853659,4.442917253,1.163879238,1.119508206,
3,8/29/2018,81,A,f,10.55,2.5,7.75,2.8,44.6,0.1,1.12,1.037037037,,y,y,0.02,0.3,3.761904762,50.15853659,4.355648122,1.047978454,0.803291319,
3,8/29/2018,82,A,f,10.1,1.5,8,2.1,NA,0.35,1.4,1.2,,n,n,0.02,0.6,3.761904762,50.15853659,NA,NA,NA,
4,9/5/2018,2,A,m,13.4,5.15,7.75,5.65,56,0.4,1.097087379,1.076190476,,n,n,0.2,0.5,3.862903226,51.73225806,4.159698523,1.368407053,1.379121665,
4,9/5/2018,3,A,m,11.85,3.95,7.75,4.1,57.3,0,1.037974684,1,,n,n,2,0.15,3.862903226,51.73225806,2.762468109,0.927110023,0.898547229,
4,9/5/2018,4,A,m,12.45,4.8,7.75,4.7,59.5,0.3,0.979166667,1.068181818,,n,n,0.02,-0.1,3.862903226,51.73225806,2.737821463,1.109913414,1.021170761,
4,9/5/2018,5,A,m,11.3,3.75,7.75,3.55,52.8,0.15,0.946666667,1.044117647,,n,n,2,-0.2,3.862903226,51.73225806,3.280611431,1.212617334,1.004667448,
4,9/5/2018,6,A,m,13.05,5.85,7.75,5.3,58.5,0.4,0.905982906,1.081632653,,n,n,0.2,-0.55,3.862903226,51.73225806,3.2962364,NA,1.041019184,
4,9/5/2018,7,A,m,13.6,5.95,7.75,5.85,60.7,-0.3,0.983193277,0.951219512,,n,n,2,-0.1,3.862903226,51.73225806,3.154751068,NA,0.871949931,
4,9/5/2018,8,A,m,14.45,6.05,7.75,6.7,63.3,0.15,1.107438017,1.022900763,,n,n,0,0.65,3.862903226,51.73225806,3.072707194,1.092691105,0.978524803,
4,9/5/2018,9,A,m,13.75,6.3,7.75,6,62,-0.2,0.952380952,0.967741935,,n,n,0.2,-0.3,3.862903226,51.73225806,2.981330946,NA,1.04876793,
4,9/5/2018,10,A,m,13.15,5.4,7.75,5.4,61.5,0.2,1,1.038461538,,n,n,2,0,3.862903226,51.73225806,2.768451257,1.005805015,0.758855714,
4,9/5/2018,11,A,m,12.25,4.6,7.75,4.5,55.6,0.35,0.97826087,1.084337349,,n,n,0.02,-0.1,3.862903226,51.73225806,3.406058078,NA,0.945273065,
4,9/5/2018,12,A,m,11.55,3.2,7.75,3.8,55.9,-0.05,1.1875,0.987012987,,n,n,0,0.6,3.862903226,51.73225806,2.817055894,NA,1.04970217,
4,9/5/2018,13,A,m,13.05,4.75,7.75,5.3,59.5,0.4,1.115789474,1.081632653,,n,n,2,0.55,3.862903226,51.73225806,3.087330585,1.088177663,0.868808978,
4,9/5/2018,14,A,m,14.75,6.5,7.75,7,62.8,0.4,1.076923077,1.060606061,,n,n,0.02,0.5,3.862903226,51.73225806,3.310156364,NA,1.141940091,
4,9/5/2018,15,A,f,11,3.1,7.75,3.25,47.4,,1.048387097,0.955882353,,n,n,0,0.15,3.862903226,51.73225806,4.556258713,NA,1.156169486,
4,9/5/2018,16,A,m,14.25,6.45,7.75,6.5,61.9,-0.1,1.007751938,0.984848485,,n,n,2,0.05,3.862903226,51.73225806,3.249977437,1.066677657,1.021496707,
4,9/5/2018,17,A,m,13.65,5.3,7.75,5.9,57.8,0.5,1.113207547,1.092592593,,n,n,0.02,0.6,3.862903226,51.73225806,3.844057346,1.128945932,1.027525082,?
4,9/5/2018,18,A,f,10.2,2.15,7.75,2.45,41.4,-0.1,1.139534884,0.960784314,,y,y,0.2,0.3,3.862903226,51.73225806,5.793550908,NA,1.456024351,
4,9/5/2018,19,A,m,13.2,5.2,7.75,5.45,57.3,-0.1,1.048076923,0.981981982,,n,n,0.2,0.25,3.862903226,51.73225806,3.672061266,1.172623036,1.181402224,
4,9/5/2018,21,A,m,13.4,5.55,7.75,5.65,55.3,0.35,1.018018018,1.066037736,,n,n,0.2,0.1,3.862903226,51.73225806,4.366811983,1.404617045,1.198806088,
4,9/5/2018,22,A,m,12.55,5.35,7.75,4.8,61,-0.05,0.897196262,0.989690722,,n,n,0.02,-0.55,3.862903226,51.73225806,2.539682553,NA,0.566103422,
4,9/5/2018,23,A,f,9.8,2.5,7.75,2.05,45.6,-0.15,0.82,0.931818182,,n,n,2,-0.45,3.862903226,51.73225806,3.337550117,0.88013666,0.989058159,
4,9/5/2018,24,A,m,13.2,5.15,7.75,5.45,57.2,0.2,1.058252427,1.038095238,,n,n,0.2,0.3,3.862903226,51.73225806,3.696922025,NA,0.839130731,
4,9/5/2018,25,A,m,11.95,4,7.75,4.2,55.8,0.2,1.05,1.05,,n,n,0.02,0.2,3.862903226,51.73225806,3.135198091,NA,1.078384187,
4,9/5/2018,26,B,f,10.35,2.25,7.75,2.6,46.9,-0.1,1.155555556,0.962962963,,n,n,0,0.35,3.862903226,51.73225806,3.797422855,0.9666652,1.031053122,
4,9/5/2018,27,A,f,10.45,2.6,7.75,2.7,47.3,0.15,1.038461538,1.058823529,,n,n,0,0.1,3.862903226,51.73225806,3.816206244,1.089533721,1.136757056,
4,9/5/2018,28,A,m,13.15,5.4,7.75,5.4,57.6,0.05,1,1.009345794,,n,n,0.2,0,3.862903226,51.73225806,3.565715154,NA,0.94701294,
4,9/5/2018,30,A,m,12.6,4.7,7.75,4.85,59.4,0.05,1.031914894,1.010416667,,n,n,0.02,0.15,3.862903226,51.73225806,2.843615909,0.958359084,0.752230926,
4,9/5/2018,32,A,m,14,6.2,7.75,6.25,59.8,-0.35,1.008064516,0.946969697,,n,n,0.2,0.05,3.862903226,51.73225806,3.570671189,0.983783417,1.092984834,
4,9/5/2018,33,A,m,13.75,5.95,7.75,6,63,-0.25,1.008403361,0.96,,n,n,2,0.05,3.862903226,51.73225806,2.802640635,0.810214623,0.93032408,
4,9/5/2018,34,A,m,14.3,6.15,7.75,6.55,58.4,0.15,1.06504065,1.0234375,,n,n,2,0.4,3.862903226,51.73225806,4.10066217,1.296978065,1.03278483,
4,9/5/2018,35,A,m,14.7,6.4,7.75,6.95,62,0.25,1.0859375,1.037313433,,n,n,0.02,0.55,3.862903226,51.73225806,3.453375013,1.130216381,0.906575614,
4,9/5/2018,36,A,m,13.4,5.65,7.75,5.65,60.9,0.05,1,1.008928571,,n,n,0,0,3.862903226,51.73225806,3.008424579,0.892225662,0.950911643,
4,9/5/2018,37,A,m,14.1,6,7.75,6.35,56.6,0.05,1.058333333,1.007936508,,n,n,0,0.35,3.862903226,51.73225806,4.486503966,NA,1.387337579,
4,9/5/2018,38,A,m,13.35,5.65,7.75,5.6,62.7,0.05,0.991150442,1.009009009,,n,n,0,-0.05,3.862903226,51.73225806,2.664477289,NA,0.989258894,
4,9/5/2018,40,B,m,14.4,6.4,7.75,6.65,63.9,0.05,1.0390625,1.007575758,,n,n,0,0.25,3.862903226,51.73225806,2.940635075,0.890729748,0.968661471,
4,9/5/2018,41,B,f,10,2.25,7.75,2.25,44.1,0.1,1,1.046511628,,n,n,0.02,0,3.862903226,51.73225806,4.168405528,1.076824553,0.805237631,
4,9/5/2018,42,B,f,9.75,1.85,7.75,2,45.5,0.15,1.081081081,1.081081081,,n,n,2,0.15,3.862903226,51.73225806,3.283877893,1.047784303,0.899463082,
4,9/5/2018,43,B,f,9.55,2.05,7.75,1.8,44.2,-0.05,0.87804878,0.972972973,,n,n,2,-0.25,3.862903226,51.73225806,3.305674518,0.769891272,1.048788675,
4,9/5/2018,44,B,m,12.05,4.35,7.75,4.3,55,-0.3,0.988505747,0.934782609,,n,n,0,-0.05,3.862903226,51.73225806,3.393988647,0.914236239,0.991212912,
4,9/5/2018,45,B,m,11.3,3.4,7.75,3.55,53.9,0.15,1.044117647,1.044117647,,n,n,0,0.15,3.862903226,51.73225806,3.029445216,NA,0.894207649,
4,9/5/2018,48,B,f,9.05,1.2,7.75,1.3,36.9,0.1,1.083333333,1.083333333,,n,n,0.02,0.1,3.862903226,51.73225806,4.794758354,1.19609257,1.175936583,
4,9/5/2018,49,B,f,8.9,1.4,7.75,1.15,40.3,0.05,0.821428571,1.045454545,,n,n,0.02,-0.25,3.862903226,51.73225806,3.017549313,1.034055183,0.789560245,
4,9/5/2018,52,B,f,9.15,1.85,7.75,1.4,39.1,0,0.756756757,1,,n,n,0.2,-0.45,3.862903226,51.73225806,4.128553154,1.144373919,1.156781351,
4,9/5/2018,53,B,f,10.15,2.2,7.75,2.4,46.8,0.05,1.090909091,1.021276596,,n,n,0.2,0.2,3.862903226,51.73225806,3.534335109,1.177544537,1.13724593,
4,9/5/2018,54,B,f,9.9,1.75,7.75,2.15,42.9,0.1,1.228571429,1.048780488,,n,n,0.2,0.4,3.862903226,51.73225806,4.431068837,1.169238079,1.069394035,
4,9/5/2018,55,B,f,10,2.95,7.75,2.25,46.1,-0.1,0.762711864,0.957446809,,n,n,0.2,-0.7,3.862903226,51.73225806,3.512055931,1.227314119,1.173744701,
4,9/5/2018,56,B,f,10.35,2.65,7.75,2.6,43.8,0.4,0.981132075,1.181818182,,n,n,2,-0.05,3.862903226,51.73225806,4.945523711,1.338409844,1.0516844,
4,9/5/2018,60,B,f,9.9,1.55,7.75,2.15,42.9,0.6,1.387096774,1.387096774,,n,n,0.2,0.6,3.862903226,51.73225806,4.431068837,1.290515215,1.113315043,
4,9/5/2018,62,B,f,8.6,0.95,7.75,0.85,36,-0.05,0.894736842,0.944444444,,n,n,0,-0.1,3.862903226,51.73225806,3.448796365,NA,0.7618099,
4,9/5/2018,63,A,f,9.2,1.25,7.75,1.45,37.4,-0.05,1.16,0.966666667,,n,n,2,0.2,3.862903226,51.73225806,5.077054124,1.288305182,1.242523078,
4,9/5/2018,64,B,f,9.65,2.35,7.75,1.9,44.5,-0.1,0.808510638,0.95,died 9/9/2018,n,n,0,-0.45,3.862903226,51.73225806,3.399327238,NA,1.004545797,
4,9/5/2018,66,B,f,9.95,1.85,7.75,2.2,44,0.05,1.189189189,1.023255814,,n,n,0.2,0.35,3.862903226,51.73225806,4.111673419,1.27137236,1.859129953,
4,9/5/2018,67,A,f,NA,NA,NA,NA,NA,NA,NA,NA,NA,NA,NA,2,NA,NA,NA,NA,NA,NA,
4,9/5/2018,70,B,f,NA,NA,NA,NA,NA,NA,NA,NA,NA,NA,NA,2,NA,NA,NA,NA,NA,NA,
4,9/5/2018,73,B,f,10,1.9,7.75,2.25,47.7,0.05,1.184210526,1.022727273,,n,n,0.02,0.35,3.862903226,51.73225806,3.078385708,NA,1.057303511,
4,9/5/2018,74,B,f,10.4,2.6,7.75,2.65,44.7,-0.05,1.019230769,0.981481481,,n,n,2,0.05,3.862903226,51.73225806,4.659745485,1.329746468,1.121120211,
4,9/5/2018,75,B,f,10.15,2.45,7.75,2.4,45.7,-0.05,0.979591837,0.979591837,,y,n,0.02,-0.05,3.862903226,51.73225806,3.874451019,NA,0.88439631,
4,9/5/2018,76,B,f,10.55,2.5,7.75,2.8,47.5,0.1,1.12,1.037037037,,y,n,0,0.3,3.862903226,51.73225806,3.89356523,1.032831158,1.090203973,
4,9/5/2018,77,B,f,10.25,2.6,7.75,2.5,45.4,-0.35,0.961538462,0.877192982,,n,n,0,-0.1,3.862903226,51.73225806,4.139884133,NA,1.121066363,
4,9/5/2018,78,B,f,9.9,2.3,7.75,2.15,46.7,0,0.934782609,1,,y,n,0.02,-0.15,3.862903226,51.73225806,3.192445369,NA,0.775449756,
4,9/5/2018,79,B,f,10.3,2.9,7.75,2.55,50.4,-0.05,0.879310345,0.980769231,,y,n,0.2,-0.35,3.862903226,51.73225806,2.820397665,0.809251495,0.65657978,
4,9/5/2018,80,A,f,10.35,2.5,7.75,2.6,44.7,0,1.04,1,,n,n,0,0.1,3.862903226,51.73225806,4.571825759,1.029014384,1.151990047,
4,9/5/2018,81,A,f,10.55,2.5,7.75,2.8,44.8,0,1.12,1,,y,n,0.02,0.3,3.862903226,51.73225806,4.881186948,1.12065686,0.900213928,
4,9/5/2018,82,A,f,9.75,1.5,7.75,2,41.8,-0.1,1.333333333,0.952380952,,n,n,0.02,0.5,3.862903226,51.73225806,4.556983794,NA,1.675028867,
5,9/12/2018,2,A,m,13.25,5.15,7.75,5.5,59.9,-0.15,1.067961165,0.973451327,,n,n,0.2,0.35,3.930327869,51.3,2.990986506,0.71903925,0.991642608,
5,9/12/2018,3,A,m,12.1,3.95,7.8,4.3,55.8,0.2,1.088607595,1.048780488,,n,n,2,0.35,3.930327869,51.3,3.089906414,1.118531072,1.005052995,
5,9/12/2018,4,A,m,12.45,4.8,7.8,4.65,57.2,-0.05,0.96875,0.989361702,,n,n,0.02,-0.15,3.930327869,51.3,3.031323619,1.107202811,1.130643137,
5,9/12/2018,5,A,m,11.35,3.75,7.8,3.55,51.3,0,0.946666667,1,,n,n,2,-0.2,3.930327869,51.3,3.55,1.082115354,1.087166071,
5,9/12/2018,6,A,m,13.45,5.85,7.8,5.65,59.3,0.35,0.965811966,1.066037736,,n,n,0.2,-0.2,3.930327869,51.3,3.196569215,0.969763338,1.009542239,
5,9/12/2018,7,A,m,13.6,5.95,7.8,5.8,61.4,-0.05,0.974789916,0.991452991,,n,n,2,-0.15,3.930327869,51.3,2.861949389,0.907187073,0.791021706,
5,9/12/2018,8,A,m,14.6,6.05,7.8,6.8,61.6,0.1,1.123966942,1.014925373,,n,n,0,0.75,3.930327869,51.3,3.312774734,1.078129,1.054975967,
5,9/12/2018,9,A,m,13.95,6.3,7.8,6.15,61.1,0.15,0.976190476,1.025,,n,n,0.2,-0.15,3.930327869,51.3,3.093638126,1.037670149,1.088275174,
5,9/12/2018,10,A,m,13.15,5.4,7.8,5.35,62.1,-0.05,0.990740741,0.990740741,,n,n,2,-0.05,3.930327869,51.3,2.52486309,0.912012839,0.692086154,
5,9/12/2018,11,A,m,12,4.6,7.75,4.25,58.3,-0.25,0.923913043,0.944444444,,n,n,0.02,-0.35,3.930327869,51.3,2.570718608,0.754748906,0.713443811,
5,9/12/2018,12,A,m,11.75,3.2,7.75,4,52.5,0.2,1.25,1.052631579,,n,n,0,0.8,3.930327869,51.3,3.652513934,1.296571339,1.361013749,
5,9/12/2018,13,A,m,12.75,4.75,7.8,4.95,56.2,-0.35,1.042105263,0.933962264,,n,n,2,0.2,3.930327869,51.3,3.458515559,1.120228451,0.973264536,
5,9/12/2018,14,A,m,14.75,6.5,7.75,7,61.6,0,1.076923077,1,,n,n,0.02,0.5,3.930327869,51.3,3.410209285,1.030226041,1.176456419,
5,9/12/2018,15,A,f,10.85,3.1,7.75,3.1,49.4,-0.15,1,0.953846154,,n,n,0,0,3.930327869,51.3,3.595683054,0.78917447,0.912419441,
5,9/12/2018,16,A,m,14.65,6.45,7.8,6.85,62.8,0.35,1.062015504,1.053846154,,n,n,2,0.4,3.930327869,51.3,3.093439422,0.951834123,0.972295422,
5,9/12/2018,17,A,m,13.5,5.3,7.75,5.75,57.7,-0.15,1.08490566,0.974576271,,n,n,0.02,0.45,3.930327869,51.3,3.622358281,0.942326806,0.968264429,?
5,9/12/2018,18,A,f,10.45,2.15,7.8,2.65,44.2,0.2,1.23255814,1.081632653,,n,n,0.2,0.5,3.930327869,51.3,4.759034047,0.821436477,1.196031513,
5,9/12/2018,19,A,m,13.3,5.2,7.8,5.5,58.6,0.05,1.057692308,1.009174312,,n,n,0.2,0.3,3.930327869,51.3,3.260373534,0.887886475,1.048951056,
5,9/12/2018,21,A,m,13.05,5.55,7.75,5.3,58.7,-0.35,0.954954955,0.938053097,,n,n,0.2,-0.25,3.930327869,51.3,3.120830556,0.714670237,0.856751032,
5,9/12/2018,22,A,m,12.3,5.35,7.75,4.55,56.3,-0.25,0.85046729,0.947916667,,n,n,0.02,-0.8,3.930327869,51.3,3.156904228,1.243031033,0.703684121,
5,9/12/2018,23,A,f,10.15,2.5,7.8,2.35,44.2,0.3,0.94,1.146341463,,n,n,2,-0.15,3.930327869,51.3,4.220275475,1.264483027,1.250647255,
5,9/12/2018,24,A,m,13.2,5.15,7.8,5.4,54.2,-0.05,1.048543689,0.990825688,,n,n,0.2,0.25,3.930327869,51.3,4.350407896,1.176764851,0.98745955,
5,9/12/2018,25,A,m,12.1,4,7.75,4.35,53.8,0.15,1.0875,1.035714286,,n,n,0.02,0.35,3.930327869,51.3,3.608023712,1.150812041,1.241017506,
5,9/12/2018,26,B,f,10.55,2.25,7.75,2.8,46.5,0.2,1.244444444,1.076923077,,n,n,0,0.55,3.930327869,51.3,4.119487218,1.084811298,1.118498076,
5,9/12/2018,27,A,f,10.45,2.6,7.75,2.7,42.9,0,1.038461538,1,,n,n,0,0.1,3.930327869,51.3,5.452470356,1.428767212,1.62416121,
5,9/12/2018,28,A,m,13.35,5.4,7.8,5.55,55.9,0.15,1.027777778,1.027777778,,n,n,0.2,0.15,3.930327869,51.3,3.960167865,1.11062373,1.051775044,
5,9/12/2018,30,A,m,12.6,4.7,7.75,4.85,56.9,0,1.031914894,1,,n,n,0.02,0.15,3.930327869,51.3,3.227728702,1.135079,0.853841527,
5,9/12/2018,32,A,m,14,6.2,7.75,6.25,61.9,0,1.008064516,1,,n,n,0.2,0.05,3.930327869,51.3,2.987241034,0.836604906,0.914396474,
5,9/12/2018,33,A,m,14.05,5.95,7.8,6.25,58,0.25,1.050420168,1.041666667,,n,n,2,0.3,3.930327869,51.3,3.857907128,1.376525795,1.280615094,
5,9/12/2018,34,A,m,14.05,6.15,7.8,6.25,61.9,-0.3,1.016260163,0.954198473,,n,n,2,0.1,3.930327869,51.3,2.987241034,0.728477721,0.75236074,
5,9/12/2018,35,A,m,14.85,6.4,7.8,7.05,62,0.1,1.1015625,1.014388489,,n,n,0.02,0.65,3.930327869,51.3,3.348297565,0.969572535,0.878990816,
5,9/12/2018,36,A,m,13.2,5.65,7.8,5.4,58.9,-0.25,0.955752212,0.955752212,,n,n,0,-0.25,3.930327869,51.3,3.137489093,1.04290103,0.991706732,
5,9/12/2018,37,A,m,13.85,6,7.8,6.05,57.2,-0.3,1.008333333,0.952755906,,n,n,0,0.05,3.930327869,51.3,3.943980193,0.879076498,1.21957586,
5,9/12/2018,38,A,m,13.95,5.65,7.75,6.2,61,0.6,1.097345133,1.107142857,,n,n,0,0.55,3.930327869,51.3,3.138932835,1.178067026,1.165413282,
5,9/12/2018,40,B,m,14.65,6.4,7.8,6.85,63.2,0.2,1.0703125,1.030075188,,n,n,0,0.45,3.930327869,51.3,3.01719927,1.026036619,0.993882141,
5,9/12/2018,41,B,f,10.2,2.25,7.8,2.4,43.2,0.15,1.066666667,1.066666667,,n,n,0.02,0.15,3.930327869,51.3,4.715696341,1.131295002,0.910961308,
5,9/12/2018,42,B,f,10.1,1.85,7.8,2.3,44.3,0.3,1.243243243,1.15,,n,n,2,0.45,3.930327869,51.3,4.093957469,1.24668383,1.121346081,
5,9/12/2018,43,B,f,9.5,2.05,7.8,1.7,43.9,-0.1,0.829268293,0.944444444,,n,n,2,-0.35,3.930327869,51.3,3.135788644,0.948607804,0.994889122,
5,9/12/2018,44,B,m,12.55,4.35,7.8,4.75,55.3,0.45,1.091954023,1.104651163,,n,n,0,0.4,3.930327869,51.3,3.536180276,1.04189514,1.032739916,
5,9/12/2018,45,B,m,11.5,3.4,7.75,3.75,51.9,0.2,1.102941176,1.056338028,,n,n,0,0.35,3.930327869,51.3,3.58247477,1.182551429,1.057446534,
5,9/12/2018,48,B,f,9.25,1.2,7.8,1.45,37.6,0.15,1.208333333,1.115384615,,n,n,0.02,0.25,3.930327869,51.3,4.916830713,1.025459544,1.205875391,
5,9/12/2018,49,B,f,8.7,1.4,7.75,0.95,40,-0.2,0.678571429,0.826086957,,n,n,0.02,-0.45,3.930327869,51.3,2.525948623,0.837086112,0.660929916,
5,9/12/2018,52,B,f,9.2,1.85,7.8,1.4,37.4,0,0.756756757,1,,n,n,0.2,-0.45,3.930327869,51.3,4.847846751,1.174224134,1.358320579,
5,9/12/2018,53,B,f,10.4,2.2,7.75,2.65,44.9,0.25,1.204545455,1.104166667,,n,n,0.2,0.45,3.930327869,51.3,4.474020532,1.265873324,1.439609285,
5,9/12/2018,54,B,f,10.3,1.75,7.75,2.55,42,0.4,1.457142857,1.186046512,,n,n,0.2,0.8,3.930327869,51.3,5.597063001,1.263140612,1.350795035,
5,9/12/2018,55,B,f,10.2,2.95,7.8,2.4,45.3,0.15,0.813559322,1.066666667,,n,n,0.2,-0.55,3.930327869,51.3,3.91312989,1.114199195,1.307785401,
5,9/12/2018,56,B,f,10.45,2.65,7.75,2.7,47.6,0.1,1.018867925,1.038461538,,y,n,2,0.05,3.930327869,51.3,3.623600776,0.732703145,0.770572468,
5,9/12/2018,60,B,f,9.6,1.55,7.8,1.8,44.7,-0.35,1.161290323,0.837209302,,n,n,0.2,0.25,3.930327869,51.3,3.092749845,0.697969262,0.777059679,
5,9/12/2018,62,B,f,8.7,0.95,7.75,0.95,34.1,0.1,1,1.117647059,,n,n,0,0,3.930327869,51.3,4.729533354,1.371357672,1.04471385,
5,9/12/2018,63,A,f,9.15,1.25,7.75,1.4,35.3,-0.05,1.12,0.965517241,,n,n,2,0.15,3.930327869,51.3,6.08398193,1.198329145,1.488951618,
5,9/12/2018,64,B,f,NA,NA,NA,NA,NA,NA,NA,NA,NA,NA,NA,0,NA,NA,NA,NA,NA,NA,
5,9/12/2018,66,B,f,9.8,1.85,7.75,2.05,42.5,-0.15,1.108108108,0.931818182,,y,y,0.2,0.2,3.930327869,51.3,4.29510126,1.044611481,1.942068494,
5,9/12/2018,67,A,f,NA,NA,NA,NA,NA,NA,NA,NA,NA,NA,NA,2,NA,NA,NA,NA,NA,NA,
5,9/12/2018,70,B,f,NA,NA,NA,NA,NA,NA,NA,NA,NA,NA,NA,2,NA,NA,NA,NA,NA,NA,
5,9/12/2018,73,B,f,10.05,1.9,7.75,2.3,47.9,0.05,1.210526316,1.022222222,,n,n,0.02,0.4,3.930327869,51.3,3.011482042,0.97826664,1.034324753,
5,9/12/2018,74,B,f,10.6,2.6,7.8,2.8,47.1,0.15,1.076923077,1.056603774,,n,n,2,0.2,3.930327869,51.3,3.917051432,0.840614889,0.942430341,
5,9/12/2018,75,B,f,10.45,2.45,7.8,2.65,43.2,0.25,1.081632653,1.104166667,,y,y,0.02,0.2,3.930327869,51.3,5.206914709,1.34391032,1.188549328,
5,9/12/2018,76,B,f,10.3,2.5,7.75,2.55,46.9,-0.25,1.02,0.910714286,,y,y,0,0.05,3.930327869,51.3,3.627479127,0.931660037,1.015699474,
5,9/12/2018,77,B,f,10.35,2.6,7.75,2.6,45,0.1,1,1.04,,n,n,0,0,3.930327869,51.3,4.351390618,1.051089953,1.178341591,
5,9/12/2018,78,B,f,10.2,2.3,7.8,2.4,45.4,0.25,1.043478261,1.11627907,,n,n,0.02,0.1,3.930327869,51.3,3.879362667,1.215169633,0.942302996,
5,9/12/2018,79,B,f,10.2,2.9,7.8,2.4,48.3,-0.15,0.827586207,0.941176471,,n,n,0.2,-0.5,3.930327869,51.3,3.041367097,1.078346906,0.708020775,
5,9/12/2018,80,A,f,10.1,2.5,7.8,2.3,45.3,-0.3,0.92,0.884615385,,y,y,0,-0.2,3.930327869,51.3,3.750082812,0.820259347,0.944930603,
5,9/12/2018,81,A,f,10.55,2.5,7.75,2.8,43.5,0,1.12,1,,n,n,0.02,0.3,3.930327869,51.3,5.3540199,1.096868437,0.987416244,
5,9/12/2018,82,A,f,9.6,1.5,7.8,1.8,42.2,-0.2,1.2,0.9,,n,n,0.02,0.3,3.930327869,51.3,3.877784073,0.850954107,1.425372693,
6,9/19/2018,2,A,m,12.95,5.15,7.8,5.15,55.8,-0.35,1,0.936363636,,n,n,0.2,0,3.978333333,51.30166667,3.686270695,1.232459821,1.222159671,
6,9/19/2018,3,A,m,12.2,3.95,7.8,4.4,54.8,0.1,1.113924051,1.023255814,,n,n,2,0.45,3.978333333,51.30166667,3.384364031,1.095296613,1.100831142,
6,9/19/2018,4,A,m,12.8,4.8,7.75,5.05,57.1,0.4,1.052083333,1.086021505,,n,n,0.02,0.25,3.978333333,51.30166667,3.298226248,1.088048213,1.230194245,
6,9/19/2018,5,A,m,11.4,3.75,7.8,3.6,51.3,0.05,0.96,1.014084507,,n,n,2,-0.15,3.978333333,51.30166667,3.600465325,1.014215584,1.102620772,
6,9/19/2018,6,A,m,13.2,5.85,7.75,5.45,58.7,-0.2,0.931623932,0.96460177,,n,n,0.2,-0.4,3.978333333,51.30166667,3.188876051,0.997593306,1.00711258,
6,9/19/2018,7,A,m,13.65,5.95,7.75,5.9,59.5,0.1,0.991596639,1.017241379,,n,n,2,-0.05,3.978333333,51.30166667,3.271184696,1.142991804,0.904131327,
6,9/19/2018,8,A,m,14.5,6.05,7.75,6.75,62.4,-0.05,1.115702479,0.992647059,,n,n,0,0.7,3.978333333,51.30166667,3.096949543,0.934850629,0.986244946,
6,9/19/2018,9,A,m,13.6,6.3,7.75,5.85,63,-0.3,0.928571429,0.951219512,,n,n,0.2,-0.45,3.978333333,51.30166667,2.583761542,0.835185447,0.908911588,
6,9/19/2018,10,A,m,13.4,5.4,7.75,5.65,63.4,0.3,1.046296296,1.056074766,,n,n,2,0.25,3.978333333,51.30166667,2.433378872,0.963766662,0.667009563,
6,9/19/2018,11,A,m,12.05,4.6,7.75,4.3,56.3,0.05,0.934782609,1.011764706,,n,n,0.02,-0.3,3.978333333,51.30166667,2.970541387,1.155529577,0.824405426,
6,9/19/2018,12,A,m,11.65,3.2,7.75,3.9,53.2,-0.1,1.21875,0.975,,n,n,0,0.7,3.978333333,51.30166667,3.37509405,0.924046865,1.257640488,
6,9/19/2018,13,A,m,13.3,4.75,7.75,5.55,56.7,0.6,1.168421053,1.121212121,,n,n,2,0.8,3.978333333,51.30166667,3.727589645,1.077800455,1.04898496,
6,9/19/2018,14,A,m,14.95,6.5,7.75,7.2,61.7,0.2,1.107692308,1.028571429,,n,n,0.02,0.7,3.978333333,51.30166667,3.455050517,1.013149114,1.191925779,
6,9/19/2018,15,A,f,10.95,3.1,7.75,3.2,48.9,0.1,1.032258065,1.032258065,,n,n,0,0.1,3.978333333,51.30166667,3.87248089,1.076980599,0.982658037,
6,9/19/2018,16,A,m,14.55,6.45,7.8,6.75,62.4,-0.1,1.046511628,0.98540146,,n,n,2,0.3,3.978333333,51.30166667,3.096949543,1.001134698,0.973398684,
6,9/19/2018,17,A,m,13.8,5.3,7.75,6.05,55.3,0.3,1.141509434,1.052173913,,n,n,0.02,0.75,3.978333333,51.30166667,4.488352353,1.239069138,1.199746571,?
6,9/19/2018,18,A,f,10,2.15,7.75,2.25,44,-0.4,1.046511628,0.849056604,,y,n,0.2,0.1,3.978333333,51.30166667,4.14431734,0.870831622,1.041542063,
6,9/19/2018,19,A,m,13.5,5.2,7.8,5.7,58.8,0.2,1.096153846,1.036363636,,n,n,0.2,0.5,3.978333333,51.30166667,3.31264662,1.016032852,1.065768733,
6,9/19/2018,21,A,m,13.3,5.55,7.8,5.5,59.1,0.2,0.990990991,1.037735849,,n,n,0.2,-0.05,3.978333333,51.30166667,3.13234948,1.00369098,0.859913283,
6,9/19/2018,22,A,m,12.1,5.35,7.75,4.35,57.6,-0.2,0.813084112,0.956043956,,n,n,0.02,-1,3.978333333,51.30166667,2.744194312,0.869267521,0.611689751,
6,9/19/2018,23,A,f,10.3,2.5,7.8,2.5,47.3,0.15,1,1.063829787,,y,n,2,0,3.978333333,51.30166667,3.453481654,0.818307164,1.023413608,
6,9/19/2018,24,A,m,13.3,5.15,7.75,5.55,56.1,0.15,1.077669903,1.027777778,,n,n,0.2,0.4,3.978333333,51.30166667,3.888738886,0.893879144,0.882669497,
6,9/19/2018,25,A,m,12.1,4,7.75,4.35,57.1,0,1.0875,1,,n,n,0.02,0.35,3.978333333,51.30166667,2.841046372,0.787424529,0.977207625,
6,9/19/2018,26,B,f,10.7,2.25,7.75,2.95,47.4,0.15,1.311111111,1.053571429,,n,n,0,0.7,3.978333333,51.30166667,4.041012831,0.980950448,1.097191189,
6,9/19/2018,27,A,f,10.7,2.6,7.75,2.95,45.2,0.25,1.134615385,1.092592593,,n,n,0,0.35,3.978333333,51.30166667,4.882054901,0.895384034,1.454248016,
6,9/19/2018,28,A,m,13.5,5.4,7.75,5.75,56.7,0.2,1.064814815,1.036036036,,n,n,0.2,0.35,3.978333333,51.30166667,3.8619172,0.975190278,1.025680797,
6,9/19/2018,30,A,m,12.8,4.7,7.75,5.05,55.6,0.2,1.074468085,1.041237113,,n,n,0.02,0.35,3.978333333,51.30166667,3.66669862,1.135999633,0.969963661,
6,9/19/2018,32,A,m,14.3,6.2,7.8,6.5,60.4,0.25,1.048387097,1.04,,n,n,0.2,0.3,3.978333333,51.30166667,3.394906246,1.136468804,1.039183067,
6,9/19/2018,33,A,m,14.25,5.95,7.8,6.45,60.2,0.2,1.084033613,1.032,,n,n,2,0.5,3.978333333,51.30166667,3.413537852,0.884815974,1.133108692,
6,9/19/2018,34,A,m,14.35,6.15,7.75,6.6,59.2,0.35,1.073170732,1.056,,n,n,2,0.45,3.978333333,51.30166667,3.733622987,1.249856622,0.940343053,
6,9/19/2018,35,A,m,15,6.4,7.75,7.25,61.4,0.2,1.1328125,1.028368794,,n,n,0.02,0.85,3.978333333,51.30166667,3.547163603,1.059393179,0.931196876,
6,9/19/2018,36,A,m,13.25,5.65,7.75,5.5,58.6,0.1,0.973451327,1.018518519,,n,n,0,-0.15,3.978333333,51.30166667,3.240035161,1.032684119,1.024119794,
6,9/19/2018,37,A,m,13.75,6,7.75,6,58.9,-0.05,1,0.991735537,,n,n,0,0,3.978333333,51.30166667,3.463503403,0.878174644,1.071000598,
6,9/19/2018,38,A,m,13.3,5.65,7.75,5.55,57.3,-0.65,0.982300885,0.89516129,,n,n,0,-0.1,3.978333333,51.30166667,3.574710655,1.138829928,1.327207525,
6,9/19/2018,40,B,m,14.8,6.4,7.75,7.05,64.5,0.2,1.1015625,1.02919708,,n,n,0,0.65,3.978333333,51.30166667,2.835505115,0.939780525,0.93403108,
6,9/19/2018,41,B,f,10.05,2.25,7.75,2.3,41.5,-0.1,1.022222222,0.958333333,,y,n,0.02,0.05,3.978333333,51.30166667,5.346458589,1.133758029,1.032809697,
6,9/19/2018,42,B,f,10,1.85,7.8,2.2,41.7,-0.1,1.189189189,0.956521739,,y,y,2,0.35,3.978333333,51.30166667,5.017119649,1.225493837,1.374202711,
6,9/19/2018,43,B,f,9.4,2.05,7.8,1.6,43.6,-0.1,0.780487805,0.941176471,,n,n,2,-0.45,3.978333333,51.30166667,3.056112114,0.974591231,0.969610213,
6,9/19/2018,44,B,m,12.5,4.35,7.75,4.75,55.3,0,1.091954023,1,,n,n,0,0.4,3.978333333,51.30166667,3.523913004,0.996530926,1.029157264,
6,9/19/2018,45,B,m,11.3,3.4,7.75,3.55,51.9,-0.2,1.044117647,0.946666667,,n,n,0,0.15,3.978333333,51.30166667,3.389954979,0.946260671,1.000620066,
6,9/19/2018,48,B,f,9.15,1.2,7.75,1.4,37.3,-0.05,1.166666667,0.965517241,,n,n,0.02,0.2,3.978333333,51.30166667,4.97530202,1.011892072,1.220215749,
6,9/19/2018,49,B,f,8.8,1.4,7.8,1,37.9,0.05,0.714285714,1.052631579,,n,n,0.02,-0.4,3.978333333,51.30166667,3.335186,1.32036969,0.872671828,
6,9/19/2018,52,B,f,9.3,1.85,7.75,1.55,38.8,0.15,0.837837838,1.107142857,,n,n,0.2,-0.3,3.978333333,51.30166667,4.708716383,0.971300585,1.319337573,
6,9/19/2018,53,B,f,10.15,2.2,7.8,2.35,45.8,-0.3,1.068181818,0.886792453,,y,n,0.2,0.15,3.978333333,51.30166667,3.690323326,0.824833793,1.187438388,
6,9/19/2018,54,B,f,9.9,1.75,7.8,2.1,40.8,-0.45,1.2,0.823529412,,y,y,0.2,0.35,3.978333333,51.30166667,5.22335242,0.93323095,1.260603734,
6,9/19/2018,55,B,f,10.25,2.95,7.75,2.5,45.8,0.1,0.847457627,1.041666667,,n,n,0.2,-0.45,3.978333333,51.30166667,3.925875879,1.003257236,1.312045167,
6,9/19/2018,56,B,f,10.55,2.65,7.8,2.75,45.2,0.05,1.037735849,1.018518519,,n,n,2,0.1,3.978333333,51.30166667,4.551068128,1.255951858,0.967801922,
6,9/19/2018,60,B,f,9.7,1.55,7.75,1.95,42.1,0.15,1.258064516,1.083333333,,n,n,0.2,0.4,3.978333333,51.30166667,4.281264465,1.384290576,1.075676391,
6,9/19/2018,62,B,f,8.65,0.95,7.75,0.9,33.1,-0.05,0.947368421,0.947368421,,n,n,0,-0.05,3.978333333,51.30166667,5.144381767,1.087714449,1.13635035,
6,9/19/2018,63,A,f,9.3,1.25,7.8,1.5,37.2,0.1,1.2,1.071428571,,y,n,2,0.25,3.978333333,51.30166667,5.387918023,0.885590734,1.318601756,
6,9/19/2018,64,B,f,NA,NA,NA,NA,NA,NA,NA,NA,NA,NA,NA,0,NA,NA,NA,NA,NA,NA,
6,9/19/2018,66,B,f,9.9,1.85,7.75,2.15,44.4,0.1,1.162162162,1.048780488,,n,n,0.2,0.3,3.978333333,51.30166667,3.820084122,0.889404904,1.727285242,
6,9/19/2018,67,A,f,NA,NA,NA,NA,NA,NA,NA,NA,NA,NA,NA,2,NA,NA,NA,NA,NA,NA,
6,9/19/2018,70,B,f,NA,NA,NA,NA,NA,NA,NA,NA,NA,NA,NA,2,NA,NA,NA,NA,NA,NA,
6,9/19/2018,73,B,f,10.05,1.9,7.75,2.3,45.6,0,1.210526316,1,,y,n,0.02,0.4,3.978333333,51.30166667,3.67524041,1.220409207,1.262299451,
6,9/19/2018,74,B,f,10.05,2.6,7.75,2.3,49,-0.5,0.884615385,0.821428571,,y,n,2,-0.3,3.978333333,51.30166667,2.760816109,0.704819979,0.664243734,
6,9/19/2018,75,B,f,NA,NA,NA,NA,NA,NA,NA,NA,NA,NA,NA,0.02,NA,NA,NA,NA,NA,NA,
6,9/19/2018,76,B,f,10.75,2.5,7.75,3,44.9,0.45,1.2,1.176470588,,n,n,0,0.5,3.978333333,51.30166667,5.098091324,1.405408865,1.427473045,
6,9/19/2018,77,B,f,10.25,2.6,7.75,2.5,47.4,-0.1,0.961538462,0.961538462,,y,n,0,-0.1,3.978333333,51.30166667,3.424587145,0.78700982,0.927366403,
6,9/19/2018,78,B,f,9.7,2.3,7.75,1.95,43.3,-0.45,0.847826087,0.8125,,y,y,0.02,-0.35,3.978333333,51.30166667,3.828364789,0.986854057,0.929915535,
6,9/19/2018,79,B,f,10.25,2.9,7.75,2.5,47.4,0.1,0.862068966,1.041666667,,n,n,0.2,-0.4,3.978333333,51.30166667,3.424587145,1.126002563,0.797233207,
6,9/19/2018,80,A,f,10.1,2.5,7.75,2.35,44.5,0.05,0.94,1.02173913,,y,n,0,-0.15,3.978333333,51.30166667,4.138236764,1.103505435,1.042736057,
6,9/19/2018,81,A,f,10.7,2.5,7.8,2.9,44.6,0.1,1.16,1.035714286,,y,n,0.02,0.4,3.978333333,51.30166667,5.06135968,0.945338227,0.933442322,
6,9/19/2018,82,A,f,9.55,1.5,7.75,1.8,43.1,0,1.2,1,,n,n,0.02,0.3,3.978333333,51.30166667,3.599566059,0.928253351,1.323106978,
7,9/26/2018,2,A,m,13,5.15,7.75,5.25,58.1,0.1,1.019417476,1.019417476,,n,n,0.2,0.1,3.929166667,52.09666667,3.420185215,0.927817162,1.133940717,
7,9/26/2018,3,A,m,12.05,3.95,7.75,4.3,53.1,-0.1,1.088607595,0.977272727,,n,n,2,0.35,3.929166667,52.09666667,3.989485967,1.178799305,1.297658985,
7,9/26/2018,4,A,m,12.55,4.8,7.75,4.8,60,-0.25,1,0.95049505,,n,n,0.02,0,3.929166667,52.09666667,2.755630553,0.835488637,1.027813313,
7,9/26/2018,5,A,m,11.25,3.75,7.75,3.5,50.5,-0.1,0.933333333,0.972222222,,n,n,2,-0.25,3.929166667,52.09666667,3.955348123,1.098565815,1.211301486,
7,9/26/2018,6,A,m,13.15,5.85,7.75,5.4,57.5,-0.05,0.923076923,0.990825688,,n,n,0.2,-0.45,3.929166667,52.09666667,3.664357989,1.149106434,1.157279546,
7,9/26/2018,7,A,m,13.75,5.95,7.75,6,60.5,0.1,1.008403361,1.016949153,,n,n,2,0.05,3.929166667,52.09666667,3.334032273,1.019212482,0.921501934,
7,9/26/2018,8,A,m,14.35,6.05,7.75,6.6,64.2,-0.15,1.090909091,0.977777778,,n,n,0,0.55,3.929166667,52.09666667,2.904490295,0.93785522,0.924954971,
7,9/26/2018,9,A,m,13.6,6.3,7.75,5.85,62.6,0,0.928571429,1,,n,n,0.2,-0.45,3.929166667,52.09666667,2.842812767,1.100261275,1.000040222,
7,9/26/2018,10,A,m,13.45,5.4,7.75,5.7,62.1,0.05,1.055555556,1.008849558,,n,n,2,0.3,3.929166667,52.09666667,2.858587467,1.174739988,0.783562806,
7,9/26/2018,11,A,m,12.35,4.6,7.75,4.6,58.8,0.3,1,1.069767442,,n,n,0.02,0,3.929166667,52.09666667,2.858984472,0.962445595,0.793445371,
7,9/26/2018,12,A,m,11.65,3.2,7.75,3.9,53.4,0,1.21875,1,,n,n,0,0.7,3.929166667,52.09666667,3.539153995,1.048608999,1.318773133,
7,9/26/2018,13,A,m,12.95,4.75,7.75,5.2,58.7,-0.35,1.094736842,0.936936937,,n,n,2,0.45,3.929166667,52.09666667,3.25358267,0.872838209,0.915594154,
7,9/26/2018,14,A,m,15,6.5,7.75,7.25,64.9,0.05,1.115384615,1.006944444,,n,n,0.02,0.75,3.929166667,52.09666667,3.057446929,0.88492105,1.054760211,
7,9/26/2018,15,A,f,10.9,3.1,7.75,3.15,48.4,-0.05,1.016129032,0.984375,,n,n,0,0.05,3.929166667,52.09666667,4.206343116,1.086214041,1.067376957,
7,9/26/2018,16,A,m,13.85,6.45,7.75,6.1,62,-0.65,0.945736434,0.903703704,,n,n,2,-0.35,3.929166667,52.09666667,3.078623147,0.994082436,0.967638536,
7,9/26/2018,17,A,m,13.3,5.3,7.75,5.55,57.6,-0.5,1.047169811,0.917355372,,n,n,0.02,0.25,3.929166667,52.09666667,3.740520311,0.833383838,0.999849402,?
7,9/26/2018,18,A,f,10,2.15,7.75,2.25,44.7,0,1.046511628,1,,n,n,0.2,0.1,3.929166667,52.09666667,4.106592256,0.990897154,1.032061066,
7,9/26/2018,19,A,m,13.55,5.2,7.75,5.8,59.2,0.1,1.115384615,1.01754386,,n,n,0.2,0.6,3.929166667,52.09666667,3.510047521,1.059590087,1.129277985,
7,9/26/2018,21,A,m,12.85,5.55,7.75,5.1,58,-0.4,0.918918919,0.927272727,,n,n,0.2,-0.45,3.929166667,52.09666667,3.345030331,1.067898187,0.918299836,
7,9/26/2018,22,A,m,11.9,5.35,7.75,4.15,60.3,-0.2,0.775700935,0.954022989,,n,n,0.02,-1.2,3.929166667,52.09666667,2.336237728,0.851338303,0.520754915,
7,9/26/2018,23,A,f,10.3,2.5,7.75,2.55,46.7,0.05,1.02,1.02,,n,n,2,0.05,3.929166667,52.09666667,3.918756807,1.134726401,1.16129444,
7,9/26/2018,24,A,m,13.25,5.15,7.75,5.5,57.2,-0.05,1.067961165,0.990990991,,n,n,0.2,0.35,3.929166667,52.09666667,3.809720969,0.979680323,0.864733938,
7,9/26/2018,25,A,m,11.75,4,7.75,4,56.3,-0.35,1,0.91954023,,n,n,0.02,0,3.929166667,52.09666667,2.948853057,1.037946119,1.014288862,
7,9/26/2018,26,B,f,11.15,2.25,7.75,3.4,48.5,0.45,1.511111111,1.152542373,,n,n,0,1.15,3.929166667,52.09666667,4.503509098,1.114450581,1.222765358,
7,9/26/2018,27,A,f,10.35,2.6,7.75,2.6,43.5,-0.35,1,0.881355932,,n,n,0,0,3.929166667,52.09666667,5.280904955,1.081697167,1.573055959,
7,9/26/2018,28,A,m,13.25,5.4,7.75,5.5,54.3,-0.25,1.018518519,0.956521739,,n,n,0.2,0.1,3.929166667,52.09666667,4.673878312,1.210248193,1.241328332,
7,9/26/2018,30,A,m,12.7,4.7,7.75,4.95,57.1,-0.1,1.053191489,0.98019802,,n,n,0.02,0.25,3.929166667,52.09666667,3.452403373,0.941556351,0.913275445,
7,9/26/2018,32,A,m,13.95,6.2,7.75,6.2,61.5,-0.3,1,0.953846154,,n,n,0.2,0,3.929166667,52.09666667,3.230245938,0.951497834,0.988780437,
7,9/26/2018,33,A,m,14,5.95,7.75,6.25,61.6,-0.2,1.050420168,0.968992248,,n,n,2,0.3,3.929166667,52.09666667,3.235575298,0.947865657,1.074034814,
7,9/26/2018,34,A,m,13.75,6.15,7.75,6,58.9,-0.6,0.975609756,0.909090909,,n,n,2,-0.15,3.929166667,52.09666667,3.704295408,0.992145008,0.932956666,
7,9/26/2018,35,A,m,15.05,6.4,7.75,7.3,63.1,0.05,1.140625,1.006896552,,n,n,0.02,0.9,3.929166667,52.09666667,3.43826921,0.969300995,0.902610058,
7,9/26/2018,36,A,m,13.25,5.65,7.75,5.5,58.4,0,0.973451327,1,,n,n,0,-0.15,3.929166667,52.09666667,3.511272914,1.083714447,1.109853416,
7,9/26/2018,37,A,m,13.8,6,7.75,6.05,65,0.05,1.008333333,1.008333333,,n,n,0,0.05,3.929166667,52.09666667,2.535998659,0.732206198,0.784193276,
7,9/26/2018,38,A,m,13.45,5.65,7.75,5.7,63.6,0.15,1.008849558,1.027027027,,n,n,0,0.05,3.929166667,52.09666667,2.602697215,0.728086121,0.966321379,
7,9/26/2018,40,B,m,14.55,6.4,7.75,6.8,60.6,-0.25,1.0625,0.964539007,,n,n,0,0.4,3.929166667,52.09666667,3.754129666,1.323972102,1.236631092,
7,9/26/2018,41,B,f,9.95,2.25,7.75,2.2,44.2,-0.1,0.977777778,0.956521739,,y,y,0.02,-0.05,3.929166667,52.09666667,4.196785018,0.784965402,0.810719879,
7,9/26/2018,42,B,f,9.9,1.85,7.75,2.15,44.6,-0.05,1.162162162,0.977272727,,n,n,2,0.3,3.929166667,52.09666667,3.958761028,0.789050552,1.084315408,
7,9/26/2018,43,B,f,9.15,2.05,7.75,1.4,44.2,-0.2,0.682926829,0.875,,n,n,2,-0.65,3.929166667,52.09666667,2.670681375,0.873882003,0.847324915,
7,9/26/2018,44,B,m,12.25,4.35,7.75,4.5,56.4,-0.25,1.034482759,0.947368421,,n,n,0,0.15,3.929166667,52.09666667,3.294408196,0.93487217,0.962130484,
7,9/26/2018,45,B,m,11.3,3.4,7.75,3.55,53,0,1.044117647,1,,n,n,0,0.15,3.929166667,52.09666667,3.318130461,0.978812545,0.979419474,
7,9/26/2018,48,B,f,9.3,1.2,7.75,1.55,40.8,0.15,1.291666667,1.107142857,,n,n,0.02,0.35,3.929166667,52.09666667,4.049597403,0.813940016,0.993182426,
7,9/26/2018,49,B,f,8.5,1.4,7.75,0.75,38.1,-0.25,0.535714286,0.75,,n,n,0.02,-0.65,3.929166667,52.09666667,2.56434186,0.768875217,0.670975741,
7,9/26/2018,52,B,f,9.25,1.85,7.75,1.5,38.3,-0.05,0.810810811,0.967741935,,n,n,0.2,-0.35,3.929166667,52.09666667,5.024256291,1.067011874,1.407748856,
7,9/26/2018,53,B,f,10.25,2.2,7.75,2.5,47.1,0.15,1.136363636,1.063829787,,y,y,0.2,0.3,3.929166667,52.09666667,3.71530441,1.006769348,1.195476572,
7,9/26/2018,54,B,f,9.85,1.75,7.75,2.1,42.4,0,1.2,1,,n,n,0.2,0.35,3.929166667,52.09666667,4.716936088,0.903047642,1.13838523,
7,9/26/2018,55,B,f,10.6,2.95,7.75,2.85,46.6,0.35,0.966101695,1.14,,n,n,0.2,-0.1,3.929166667,52.09666667,4.416832241,1.125056517,1.476124965,
7,9/26/2018,56,B,f,10.65,2.65,7.75,2.9,45.9,0.15,1.094339623,1.054545455,,y,n,2,0.25,3.929166667,52.09666667,4.769703283,1.048040405,1.014295518,
7,9/26/2018,60,B,f,9.75,1.55,7.75,2,40.9,0.05,1.290322581,1.025641026,,n,n,0.2,0.45,3.929166667,52.09666667,5.175268342,1.208817718,1.30029668,
7,9/26/2018,62,B,f,8.6,0.95,7.75,0.85,32.7,-0.05,0.894736842,0.944444444,,n,n,0,-0.1,3.929166667,52.09666667,5.298351373,1.029929662,1.170360932,
7,9/26/2018,63,A,f,9.3,1.25,7.75,1.55,39.3,0.05,1.24,1.033333333,,n,n,2,0.3,3.929166667,52.09666667,4.691697587,0.870781175,1.148213587,
7,9/26/2018,64,B,f,NA,NA,NA,NA,NA,NA,NA,NA,NA,NA,NA,0,NA,NA,NA,NA,NA,NA,
7,9/26/2018,66,B,f,9.95,1.85,7.75,2.2,46.9,0.05,1.189189189,1.023255814,,n,n,0.2,0.35,3.929166667,52.09666667,3.324592557,0.870293023,1.503244294,
7,9/26/2018,67,A,f,NA,NA,NA,NA,NA,NA,NA,NA,NA,NA,NA,2,NA,NA,NA,NA,NA,NA,
7,9/26/2018,70,B,f,NA,NA,NA,NA,NA,NA,NA,NA,NA,NA,NA,2,NA,NA,NA,NA,NA,NA,
7,9/26/2018,73,B,f,10.05,1.9,7.75,2.3,47,0,1.210526316,1,,n,n,0.02,0.4,3.929166667,52.09666667,3.446744129,0.937828208,1.183820032,
7,9/26/2018,74,B,f,10.05,2.6,7.75,2.3,45.6,0,0.884615385,1,,n,y,2,-0.3,3.929166667,52.09666667,3.881600636,1.405961311,0.933900991,
7,9/26/2018,75,B,f,NA,NA,NA,NA,NA,NA,NA,NA,NA,NA,NA,0.02,NA,NA,NA,NA,NA,NA,
7,9/26/2018,76,B,f,10.55,2.5,7.75,2.8,47.6,-0.2,1.12,0.933333333,,y,n,0,0.3,3.929166667,52.09666667,3.992023491,0.783042758,1.117772431,
7,9/26/2018,77,B,f,10.3,2.6,7.75,2.55,48.3,0.05,0.980769231,1.02,,y,y,0,-0.05,3.929166667,52.09666667,3.432919513,1.002433101,0.929622779,
7,9/26/2018,78,B,f,9.95,2.3,7.75,2.2,42.4,0.25,0.956521739,1.128205128,,y,y ,0.02,-0.1,3.929166667,52.09666667,4.941552093,1.290773572,1.200310396,
7,9/26/2018,79,B,f,10.5,2.9,7.75,2.75,47.6,0.25,0.948275862,1.1,,n,n,0.2,-0.15,3.929166667,52.09666667,3.920737358,1.14487884,0.912735429,
7,9/26/2018,80,A,f,10.25,2.5,7.75,2.5,45.5,0.15,1,1.063829787,,n,n,0,0,3.929166667,52.09666667,4.255683008,1.028380745,1.072329683,
7,9/26/2018,81,A,f,10.8,2.5,7.75,3.05,47.5,0.15,1.22,1.051724138,,n,n,0.02,0.55,3.929166667,52.09666667,4.384535326,0.866276179,0.808618848,
7,9/26/2018,82,A,f,9.75,1.5,7.75,2,42,0.2,1.333333333,1.111111111,,n,n,0.02,0.5,3.929166667,52.09666667,4.662784751,1.29537413,1.71391855,
8,10/3/2018,2,A,m,12.9,5.15,7.75,5.15,58.7,-0.1,1,0.980952381,,n,n,0.2,0,4.05,52.04561404,3.163578918,0.924972982,1.048864527,
8,10/3/2018,3,A,m,12.15,3.95,7.75,4.4,54.8,0.1,1.113924051,1.023255814,,n,n,2,0.45,4.05,52.04561404,3.570649064,0.89501482,1.161424023,
8,10/3/2018,4,A,m,12.9,4.8,7.75,5.15,60.2,0.35,1.072916667,1.072916667,,n,n,0.02,0.35,4.05,52.04561404,2.856256417,1.036516457,1.065345414,
8,10/3/2018,5,A,m,11.15,3.75,7.75,3.4,53.9,-0.1,0.906666667,0.971428571,,n,n,2,-0.35,4.05,52.04561404,2.950530931,0.74595986,0.903582287,
8,10/3/2018,6,A,m,13.4,5.85,7.75,5.65,57.1,0.25,0.965811966,1.046296296,,n,n,0.2,-0.2,4.05,52.04561404,3.881753588,1.059327064,1.225937543,
8,10/3/2018,7,A,m,13.75,5.95,7.75,6,59.1,0,1.008403361,1,,n,n,2,0.05,4.05,52.04561404,3.585731005,1.07549379,0.991069608,
8,10/3/2018,8,A,m,14.45,6.05,7.75,6.7,64.9,0.1,1.107438017,1.015151515,,n,n,0,0.65,4.05,52.04561404,2.740561386,0.94356018,0.872750679,
8,10/3/2018,9,A,m,13.8,6.3,7.75,6.05,62.1,0.2,0.96031746,1.034188034,,n,n,0.2,-0.25,4.05,52.04561404,2.958626533,1.040739146,1.040781007,
8,10/3/2018,10,A,m,13.25,5.4,7.75,5.5,61.4,-0.2,1.018518519,0.964912281,,n,n,2,0.1,4.05,52.04561404,2.816025221,0.985110742,0.771896137,
8,10/3/2018,11,A,m,12.25,4.6,7.75,4.5,54.5,-0.1,0.97826087,0.97826087,,n,n,0.02,-0.1,4.05,52.04561404,3.733897856,1.306022433,1.036257453,
8,10/3/2018,12,A,m,12.05,3.2,7.75,4.3,53.7,0.4,1.34375,1.102564103,,n,n,0,1.1,4.05,52.04561404,3.788160334,1.070357588,1.41155883,
8,10/3/2018,13,A,m,12.95,4.75,7.75,5.2,56.7,0,1.094736842,1,,n,n,2,0.45,4.05,52.04561404,3.675764752,1.129759138,1.034400861,
8,10/3/2018,14,A,m,14.95,6.5,7.75,7.2,59.8,-0.05,1.107692308,0.993103448,,n,n,0.02,0.7,4.05,52.04561404,4.102498727,1.341805376,1.415282922,
8,10/3/2018,15,A,f,10.85,3.1,7.75,3.1,47.8,-0.05,1,0.984126984,,n,n,0,0,4.05,52.04561404,4.375568289,1.040230949,1.110318544,
8,10/3/2018,16,A,m,14.3,6.45,7.75,6.55,64.7,0.45,1.015503876,1.073770492,,n,n,2,0.1,4.05,52.04561404,2.712905818,0.881207504,0.852690338,
8,10/3/2018,17,A,m,13.3,5.3,7.75,5.55,58,0,1.047169811,1,,n,n,0.02,0.25,4.05,52.04561404,3.579030199,0.956826832,0.956682736,?
8,10/3/2018,18,A,f,10.15,2.15,7.75,2.4,43.4,0.15,1.11627907,1.066666667,,y,y,0.2,0.25,4.05,52.04561404,5.008798848,1.219697145,1.258801935,
8,10/3/2018,19,A,m,13.4,5.2,7.75,5.65,62.4,-0.15,1.086538462,0.974137931,,n,n,0.2,0.45,4.05,52.04561404,2.70960892,0.771957902,0.871755064,
8,10/3/2018,21,A,m,13,5.55,7.75,5.25,60.3,0.15,0.945945946,1.029411765,,n,n,0.2,-0.3,4.05,52.04561404,2.892210796,0.864629169,0.793988824,
8,10/3/2018,22,A,m,NA,NA,NA,NA,NA,NA,NA,NA,NA,NA,NA,0.02,NA,NA,NA,NA,NA,NA,
8,10/3/2018,23,A,f,10.35,2.5,7.75,2.6,46.7,0.05,1.04,1.019607843,,n,n,2,0.1,4.05,52.04561404,4.03269833,1.029075936,1.195060163,
8,10/3/2018,24,A,m,13.3,5.15,7.75,5.55,57.6,0.05,1.077669903,1.009090909,,n,n,0.2,0.4,4.05,52.04561404,3.680761511,0.966149894,0.835462603,
8,10/3/2018,25,A,m,11.45,4,7.75,3.7,55.3,-0.3,0.925,0.925,,n,n,0.02,-0.3,4.05,52.04561404,2.894147732,0.98144861,0.995472394,
8,10/3/2018,26,B,f,11.3,2.25,7.75,3.55,51.6,0.15,1.577777778,1.044117647,,n,n,0,1.3,4.05,52.04561404,3.675807971,0.816209736,0.99803299,
8,10/3/2018,27,A,f,NA,NA,NA,NA,NA,NA,NA,NA,NA,NA,NA,0,NA,NA,NA,NA,NA,NA,
8,10/3/2018,28,A,m,13.35,5.4,7.75,5.6,54.2,0.1,1.037037037,1.018181818,,n,n,0.2,0.2,4.05,52.04561404,4.751674362,1.01664486,1.261990068,
8,10/3/2018,30,A,m,12.75,4.7,7.75,5,55.5,0.05,1.063829787,1.01010101,,n,n,0.02,0.3,4.05,52.04561404,3.854243746,1.116394387,1.019575581,
8,10/3/2018,32,A,m,14.15,6.2,7.75,6.4,60.9,0.2,1.032258065,1.032258065,,n,n,0.2,0.2,4.05,52.04561404,52.86933965,16.3669704,16.18334015,
8,10/3/2018,33,A,m,14.2,5.95,7.75,6.45,63.9,0.2,1.084033613,1.032,,n,n,2,0.5,4.05,52.04561404,2.809551471,0.868331351,0.932618102,
8,10/3/2018,34,A,m,13.2,6.15,7.75,5.45,60.6,-0.55,0.886178862,0.908333333,,n,n,2,-0.7,4.05,52.04561404,2.942646735,0.794387707,0.741129306,
8,10/3/2018,35,A,m,14.7,6.4,7.75,6.95,63.3,-0.35,1.0859375,0.952054795,,n,n,0.02,0.55,4.05,52.04561404,3.145252619,0.91477788,0.825687716,
8,10/3/2018,36,A,m,13.25,5.65,7.75,5.5,63.4,0,0.973451327,1,,n,n,0,-0.15,4.05,52.04561404,2.473186964,0.704356233,0.781732172,
8,10/3/2018,37,A,m,13.85,6,7.75,6.1,59,0.05,1.016666667,1.008264463,,n,n,0,0.1,4.05,52.04561404,3.670582093,1.447391181,1.135034431,
8,10/3/2018,38,A,m,13.7,5.65,7.75,5.95,62.2,0.25,1.053097345,1.043859649,,n,n,0,0.3,4.05,52.04561404,2.890824065,1.110703177,1.073296225,
8,10/3/2018,40,B,m,14.5,6.4,7.75,6.75,64.1,-0.05,1.0546875,0.992647059,,n,n,0,0.35,4.05,52.04561404,2.903250483,0.773348483,0.95634678,
8,10/3/2018,41,B,f,10.1,2.25,7.75,2.35,46.7,0.15,1.044444444,1.068181818,,y,n,0.02,0.1,4.05,52.04561404,3.644938875,0.868507407,0.70411622,
8,10/3/2018,42,B,f,10.15,1.85,7.75,2.4,44,0.25,1.297297297,1.11627907,,n,n,2,0.55,4.05,52.04561404,4.737875624,1.196807686,1.297717014,
8,10/3/2018,43,B,f,9.15,2.05,7.75,1.4,43.5,0,0.682926829,1,,n,n,2,-0.65,4.05,52.04561404,2.894691586,1.08387755,0.918396453,
8,10/3/2018,44,B,m,12.75,4.35,7.75,5,57.9,0.5,1.149425287,1.111111111,,n,n,0,0.65,4.05,52.04561404,3.246964758,0.985598798,0.948274649,
8,10/3/2018,45,B,m,11.5,3.4,7.75,3.75,50.6,0.2,1.102941176,1.056338028,,n,n,0,0.35,4.05,52.04561404,4.203174573,1.266729751,1.240659786,
8,10/3/2018,48,B,f,9.35,1.2,7.75,1.6,40.3,0.05,1.333333333,1.032258065,,n,n,0.02,0.4,4.05,52.04561404,4.508066351,1.113213463,1.105624048,
8,10/3/2018,49,B,f,NA,NA,NA,NA,NA,NA,NA,NA,NA,NA,NA,0.02,NA,NA,NA,NA,NA,NA,
8,10/3/2018,52,B,f,9.45,1.85,7.75,1.7,38.2,0.2,0.918918919,1.133333333,,n,n,0.2,-0.15,4.05,52.04561404,5.949055976,1.18406698,1.666868937,
8,10/3/2018,53,B,f,10.1,2.2,7.75,2.35,47.7,-0.15,1.068181818,0.94,,n,n,0.2,0.15,4.05,52.04561404,3.34521612,0.900388165,1.076392956,
8,10/3/2018,54,B,f,10.15,1.75,7.75,2.4,43.9,0.3,1.371428571,1.142857143,,y,y,0.2,0.65,4.05,52.04561404,4.781737029,1.013737931,1.154024287,
8,10/3/2018,55,B,f,10.6,2.95,7.75,2.85,50,0,0.966101695,1,,n,n,0.2,-0.1,4.05,52.04561404,3.352525548,0.759033933,1.120428938,
8,10/3/2018,56,B,f,10.5,2.65,7.75,2.75,46.8,-0.15,1.037735849,0.948275862,,y,n,2,0.1,4.05,52.04561404,4.228562388,0.886546214,0.899219852,
8,10/3/2018,60,B,f,9.75,1.55,7.75,2,42.6,0,1.290322581,1,,n,n,0.2,0.45,4.05,52.04561404,4.500666916,0.869648996,1.130801702,
8,10/3/2018,62,B,f,8.75,0.95,7.75,1,34.5,0.15,1.052631579,1.176470588,,n,n,0,0.05,4.05,52.04561404,5.286745675,0.997809564,1.167797332,
8,10/3/2018,63,A,f,9.55,1.25,7.75,1.8,38.4,0.25,1.44,1.161290323,,n,n,2,0.55,4.05,52.04561404,6.167182497,1.314488494,1.509313549,
8,10/3/2018,64,B,f,NA,NA,NA,NA,NA,NA,NA,NA,NA,NA,NA,0,NA,NA,NA,NA,NA,NA,
8,10/3/2018,66,B,f,9.85,1.85,7.75,2.1,44.5,-0.1,1.135135135,0.954545455,,n,n,0.2,0.25,4.05,52.04561404,3.960198947,1.191183244,1.790639415,
8,10/3/2018,67,A,f,NA,NA,NA,NA,NA,NA,NA,NA,NA,NA,NA,2,NA,NA,NA,NA,NA,NA,
8,10/3/2018,70,B,f,NA,NA,NA,NA,NA,NA,NA,NA,NA,NA,NA,2,NA,NA,NA,NA,NA,NA,
8,10/3/2018,73,B,f,10,1.9,7.75,2.25,45.8,-0.05,1.184210526,0.97826087,,y,y,0.02,0.35,4.05,52.04561404,3.776009566,1.095529411,1.296909663,
8,10/3/2018,74,B,f,10.1,2.6,7.75,2.35,45.8,0.05,0.903846154,1.02173913,,n,n,2,-0.25,4.05,52.04561404,3.943832214,1.016032452,0.948873714,
8,10/3/2018,75,B,f,NA,NA,NA,NA,NA,NA,NA,NA,NA,NA,NA,0.02,NA,NA,NA,NA,NA,NA,
8,10/3/2018,76,B,f,10.45,2.5,7.75,2.7,48.8,-0.1,1.08,0.964285714,,n,n,0,0.2,4.05,52.04561404,3.504444922,0.877861799,0.981249716,
8,10/3/2018,77,B,f,10.3,2.6,7.75,2.55,47.5,0,0.980769231,1,,n,n,0,-0.05,4.05,52.04561404,3.692213579,1.075531647,0.999838719,
8,10/3/2018,78,B,f,9.95,2.3,7.75,2.2,43.3,0,0.956521739,1,,n,n,0.02,-0.1,4.05,52.04561404,4.634495388,0.937862295,1.125725863,
8,10/3/2018,79,B,f,10.2,2.9,7.75,2.45,48.3,-0.3,0.844827586,0.890909091,,n,n,0.2,-0.45,4.05,52.04561404,3.315400194,0.845606296,0.771814825,
8,10/3/2018,80,A,f,10.35,2.5,7.75,2.6,46.5,0.1,1.04,1.04,,y,n,0,0.1,4.05,52.04561404,4.103407449,0.964218303,1.033959907,
8,10/3/2018,81,A,f,10.75,2.5,7.75,3,46.7,-0.05,1.2,0.983606557,,y,n,0.02,0.5,4.05,52.04561404,4.653113458,1.06125578,0.858151426,
8,10/3/2018,82,A,f,9.8,1.5,7.75,2.05,42.5,0.05,1.366666667,1.025,,n,n,0.02,0.55,4.05,52.04561404,4.657302511,0.998824256,1.711903421,
9,10/10/2018,2,A,m,12.85,5.15,7.75,5.1,58.8,-0.05,0.990291262,0.990291262,,n,n,0.2,-0.05,3.902631579,51.47894737,3.035304759,0.959452834,1.006336043,
9,10/10/2018,3,A,m,12.1,3.95,7.75,4.35,53.9,-0.05,1.101265823,0.988636364,,n,n,2,0.4,3.902631579,51.47894737,3.635768434,1.018237404,1.182605382,
9,10/10/2018,4,A,m,12.5,4.8,7.75,4.75,57.2,-0.4,0.989583333,0.922330097,,n,n,0.02,-0.05,3.902631579,51.47894737,3.148359561,1.102267829,1.174295977,
9,10/10/2018,5,A,m,11.1,3.75,7.75,3.35,51,-0.05,0.893333333,0.985294118,,n,n,2,-0.4,3.902631579,51.47894737,3.474461223,1.17757153,1.064032776,
9,10/10/2018,6,A,m,13.4,5.85,7.8,5.6,58.1,-0.05,0.957264957,0.991150442,,n,n,0.2,-0.25,3.902631579,51.47894737,3.492355908,0.899685111,1.102957754,
9,10/10/2018,7,A,m,13.55,5.95,7.75,5.8,58.8,-0.2,0.974789916,0.966666667,,n,n,2,-0.15,3.902631579,51.47894737,3.451915216,0.96268103,0.95408391,
9,10/10/2018,8,A,m,14.45,6.05,7.75,6.7,59.5,0,1.107438017,1,,n,n,0,0.65,3.902631579,51.47894737,3.807578006,1.389342353,1.212549482,
9,10/10/2018,9,A,m,13.7,6.3,7.8,5.9,62.9,-0.15,0.936507937,0.975206612,,n,n,0.2,-0.4,3.902631579,51.47894737,2.699237866,0.912328013,0.949533669,
9,10/10/2018,10,A,m,13.35,5.4,7.75,5.6,60.3,0.1,1.037037037,1.018181818,,n,n,2,0.2,3.902631579,51.47894737,3.02082397,1.072726177,0.828033192,
9,10/10/2018,11,A,m,12.2,4.6,7.8,4.4,55,-0.1,0.956521739,0.977777778,,n,n,0.02,-0.2,3.902631579,51.47894737,3.398742328,0.910239771,0.943242746,
9,10/10/2018,12,A,m,11.9,3.2,7.8,4.1,54.3,-0.2,1.28125,0.953488372,,n,n,0,0.9,3.902631579,51.47894737,3.329348161,0.878882589,1.240594479,
9,10/10/2018,13,A,m,13.05,4.75,7.8,5.25,56.6,0.05,1.105263158,1.009615385,,n,n,2,0.5,3.902631579,51.47894737,3.625955765,0.986449354,1.020384062,
9,10/10/2018,14,A,m,14.9,6.5,7.8,7.1,63,-0.1,1.092307692,0.986111111,,n,n,0.02,0.6,3.902631579,51.47894737,3.228160014,0.786876542,1.113652932,
9,10/10/2018,15,A,f,10.45,3.1,7.8,2.65,48.6,-0.45,0.85483871,0.85483871,,n,n,0,-0.45,3.902631579,51.47894737,3.317308503,0.758143465,0.841780748,
9,10/10/2018,16,A,m,14.2,6.45,7.75,6.45,59.7,-0.1,1,0.984732824,,n,n,2,0,3.902631579,51.47894737,3.617813385,1.333556573,1.137110805,
9,10/10/2018,17,A,m,13.55,5.3,7.75,5.8,57.2,0.25,1.094339623,1.045045045,,n,n,0.02,0.5,3.902631579,51.47894737,3.844312728,1.074121344,1.027593346,?
9,10/10/2018,18,A,f,10,2.15,7.75,2.25,43.1,-0.15,1.046511628,0.9375,,y,y,0.2,0.1,3.902631579,51.47894737,4.500697903,0.898558325,1.131106958,
9,10/10/2018,19,A,m,13.35,5.2,7.75,5.6,58.7,-0.05,1.076923077,0.991150442,,n,n,0.2,0.4,3.902631579,51.47894737,3.355096963,1.238221848,1.079426166,
9,10/10/2018,21,A,m,12.7,5.55,7.75,4.95,58,-0.3,0.891891892,0.942857143,,n,n,0.2,-0.6,3.902631579,51.47894737,3.107816575,1.074547049,0.853178348,
9,10/10/2018,22,A,m,NA,NA,NA,NA,NA,NA,NA,NA,NA,NA,NA,0.02,NA,NA,NA,NA,NA,NA,
9,10/10/2018,23,A,f,10.2,2.5,7.8,2.4,44.6,-0.2,0.96,0.923076923,,y,y,2,-0.1,3.902631579,51.47894737,4.2007312,1.041667602,1.244855455,
9,10/10/2018,24,A,m,13.15,5.15,7.75,5.4,57.9,-0.15,1.048543689,0.972972973,,n,n,0.2,0.25,3.902631579,51.47894737,3.413254631,0.927322952,0.774743647,
9,10/10/2018,25,A,m,11.3,4,7.75,3.55,55.7,-0.15,0.8875,0.959459459,,n,n,0.02,-0.45,3.902631579,51.47894737,2.61010928,0.901857652,0.897774396,
9,10/10/2018,26,B,f,11.35,2.25,7.75,3.6,51.1,0.05,1.6,1.014084507,,n,n,0,1.35,3.902631579,51.47894737,3.705314708,1.008027279,1.006044479,
9,10/10/2018,27,A,f,NA,NA,NA,NA,NA,NA,NA,NA,NA,NA,NA,0,NA,NA,NA,NA,NA,NA,
9,10/10/2018,28,A,m,13.3,5.4,7.75,5.55,54.9,-0.05,1.027777778,0.991071429,,n,n,0.2,0.15,3.902631579,51.47894737,4.31760564,0.908649312,1.146706407,
9,10/10/2018,30,A,m,12.55,4.7,7.75,4.8,58.4,-0.2,1.021276596,0.96,,n,n,0.02,0.1,3.902631579,51.47894737,2.933881937,0.761208198,0.776109291,
9,10/10/2018,32,A,m,13.8,6.2,7.75,6.05,61.1,-0.35,0.975806452,0.9453125,,n,n,0.2,-0.15,3.902631579,51.47894737,3.099948657,0.058634147,0.948896352,
9,10/10/2018,33,A,m,14.25,5.95,7.8,6.45,60.8,0,1.084033613,1,,n,n,2,0.5,3.902631579,51.47894737,3.369001675,1.199124383,1.118325106,
9,10/10/2018,34,A,m,12.55,6.15,7.8,4.75,58.7,-0.7,0.772357724,0.871559633,,n,n,2,-1.4,3.902631579,51.47894737,2.845841174,0.967102555,0.716748045,
9,10/10/2018,35,A,m,14.9,6.4,7.75,7.15,61.4,0.2,1.1171875,1.028776978,,n,n,0.02,0.75,3.902631579,51.47894737,3.59421161,1.14274179,0.943547859,
9,10/10/2018,36,A,m,13,5.65,7.75,5.25,57.7,-0.25,0.92920354,0.954545455,,n,n,0,-0.4,3.902631579,51.47894737,3.363557943,1.360009571,1.063163236,
9,10/10/2018,37,A,m,13.25,6,7.75,5.5,57.3,-0.6,0.916666667,0.901639344,,n,n,0,-0.5,3.902631579,51.47894737,3.620702949,0.986411108,1.119610571,
9,10/10/2018,38,A,m,12.25,5.65,7.75,4.5,58.5,-1.45,0.796460177,0.756302521,,n,n,0,-1.15,3.902631579,51.47894737,2.732210654,0.945132112,1.014406728,
9,10/10/2018,40,B,m,14.35,6.4,7.75,6.6,62.1,-0.15,1.03125,0.977777778,,n,n,0,0.2,3.902631579,51.47894737,3.174153955,1.093310403,1.045583883,
9,10/10/2018,41,B,f,9.95,2.25,7.8,2.15,44.3,-0.2,0.955555556,0.914893617,,y,y,0.02,-0.1,3.902631579,51.47894737,3.863591846,1.059988104,0.746354817,
9,10/10/2018,42,B,f,10.1,1.85,7.75,2.35,42.4,-0.05,1.27027027,0.979166667,,y,y,2,0.5,3.902631579,51.47894737,5.010931136,1.057632478,1.372507661,
9,10/10/2018,43,B,f,8.85,2.05,7.8,1.05,42,-0.35,0.512195122,0.75,,n,n,2,-1,3.902631579,51.47894737,2.323300107,0.80260713,0.737111542,
9,10/10/2018,44,B,m,12.4,4.35,7.75,4.65,56.2,-0.35,1.068965517,0.93,,n,n,0,0.3,3.902631579,51.47894737,3.301693141,1.016855244,0.96425805,
9,10/10/2018,45,B,m,11.4,3.4,7.8,3.6,53,-0.15,1.058823529,0.96,,n,n,0,0.2,3.902631579,51.47894737,3.213283144,0.764489575,0.948471473,
9,10/10/2018,48,B,f,9.25,1.2,7.75,1.5,36.9,-0.1,1.25,0.9375,,n,n,0.02,0.3,3.902631579,51.47894737,5.50078451,1.220209305,1.349092751,
9,10/10/2018,49,B,f,NA,NA,NA,NA,NA,NA,NA,NA,NA,NA,NA,0.02,NA,NA,NA,NA,NA,NA,
9,10/10/2018,52,B,f,9.3,1.85,7.75,1.55,38.6,-0.15,0.837837838,0.911764706,,n,n,0.2,-0.3,3.902631579,51.47894737,4.767886789,0.801452669,1.335916558,
9,10/10/2018,53,B,f,10.25,2.2,7.75,2.5,44.5,0.15,1.136363636,1.063829787,,n,n,0.2,0.3,3.902631579,51.47894737,4.41426225,1.319574608,1.420380814,
9,10/10/2018,54,B,f,9.7,1.75,7.75,1.95,42.4,-0.45,1.114285714,0.8125,,y,y,0.2,0.2,3.902631579,51.47894737,4.158006688,0.869559882,1.003493223,
9,10/10/2018,55,B,f,10.55,2.95,7.75,2.8,47,-0.05,0.949152542,0.98245614,,n,n,0.2,-0.15,3.902631579,51.47894737,3.994257713,1.191417531,1.33489868,
9,10/10/2018,56,B,f,10.45,2.65,7.75,2.7,44,-0.05,1.018867925,0.981818182,,y,n,2,0.05,3.902631579,51.47894737,4.982340506,1.17825872,1.059513632,
9,10/10/2018,60,B,f,9.65,1.55,7.75,1.9,40.8,-0.1,1.225806452,0.95,,n,n,0.2,0.35,3.902631579,51.47894737,4.707608519,1.045980209,1.1827962,
9,10/10/2018,62,B,f,8.7,0.95,7.75,0.95,34.3,-0.05,1,0.95,,n,n,0,0,3.902631579,51.47894737,4.633362123,0.876411011,1.02347044,
9,10/10/2018,63,A,f,9.35,1.25,7.75,1.6,37.7,-0.2,1.28,0.888888889,,n,n,2,0.35,3.902631579,51.47894737,5.396353666,0.875011185,1.320666237,
9,10/10/2018,64,B,f,NA,NA,NA,NA,NA,NA,NA,NA,NA,NA,NA,0,NA,NA,NA,NA,NA,NA,
9,10/10/2018,66,B,f,10,1.85,7.75,2.25,43.8,0.15,1.216216216,1.071428571,,n,n,0.2,0.4,3.902631579,51.47894737,4.226430901,1.067226914,1.911018577,
9,10/10/2018,67,A,f,NA,NA,NA,NA,NA,NA,NA,NA,NA,NA,NA,2,NA,NA,NA,NA,NA,NA,
9,10/10/2018,70,B,f,NA,NA,NA,NA,NA,NA,NA,NA,NA,NA,NA,2,NA,NA,NA,NA,NA,NA,
9,10/10/2018,73,B,f,10.25,1.9,7.75,2.5,48,0.25,1.315789474,1.111111111,,n,n,0.02,0.6,3.902631579,51.47894737,3.284995799,0.869964904,1.12826589,
9,10/10/2018,74,B,f,10.2,2.6,7.8,2.4,46.1,0.05,0.923076923,1.021276596,,n,n,2,-0.2,3.902631579,51.47894737,3.691980742,0.936140419,0.888279036,
9,10/10/2018,75,B,f,NA,NA,NA,NA,NA,NA,NA,NA,NA,NA,NA,0.02,NA,NA,NA,NA,NA,NA,
9,10/10/2018,76,B,f,10.05,2.5,7.75,2.3,47,-0.4,0.92,0.851851852,,y,y,0,-0.2,3.902631579,51.47894737,3.280997407,0.936238828,0.918684084,
9,10/10/2018,77,B,f,10.2,2.6,7.75,2.45,46.3,-0.1,0.942307692,0.960784314,,n,n,0,-0.15,3.902631579,51.47894737,3.705758096,1.0036684,1.003506528,
9,10/10/2018,78,B,f,9.8,2.3,7.75,2.05,42.1,-0.15,0.891304348,0.931818182,,n,n,0.02,-0.25,3.902631579,51.47894737,4.494063611,0.969698583,1.091614774,
9,10/10/2018,79,B,f,10.15,2.9,7.75,2.4,47.4,-0.05,0.827586207,0.979591837,,n,n,0.2,-0.5,3.902631579,51.47894737,3.312269921,0.999055839,0.771086108,
9,10/10/2018,80,A,f,10.5,2.5,7.75,2.75,46.7,0.15,1.1,1.057692308,,y,n,0,0.25,3.902631579,51.47894737,4.022201976,0.980210234,1.013498083,
9,10/10/2018,81,A,f,10.7,2.5,7.8,2.9,45.4,-0.1,1.16,0.966666667,,n,n,0.02,0.4,3.902631579,51.47894737,4.735648427,1.017737579,0.873372955,
9,10/10/2018,82,A,f,9.7,1.5,7.75,1.95,42.5,-0.1,1.3,0.951219512,,n,n,0.02,0.45,3.902631579,51.47894737,4.119955306,0.884622654,1.514388547,
10,10/17/2018,2,A,m,13.15,5.15,7.75,5.4,55.5,0.3,1.048543689,1.058823529,,n,n,0.2,0.25,4.030909091,50.14,3.585880293,1.181390528,1.18887587,
10,10/17/2018,3,A,m,12.15,3.95,7.75,4.4,50,0.05,1.113924051,1.011494253,,n,n,2,0.45,4.030909091,50.14,4.449871924,1.22391511,1.447408597,
10,10/17/2018,4,A,m,12.7,4.8,7.75,4.95,57,0.2,1.03125,1.042105263,,n,n,0.02,0.15,4.030909091,50.14,2.952036692,0.937642806,1.101070174,
10,10/17/2018,5,A,m,11.25,3.75,7.75,3.5,53.4,0.15,0.933333333,1.044776119,,n,n,2,-0.25,4.030909091,50.14,2.715155811,0.781460962,0.831500077,
10,10/17/2018,6,A,m,13.3,5.85,7.75,5.55,56.8,-0.05,0.948717949,0.991071429,,n,n,0.2,-0.3,4.030909091,50.14,3.357088564,0.961267595,1.060237548,
10,10/17/2018,7,A,m,13.2,5.95,7.75,5.45,57,-0.35,0.915966387,0.939655172,,n,n,2,-0.5,4.030909091,50.14,3.250222216,0.941570697,0.898337452,
10,10/17/2018,8,A,m,14.55,6.05,7.75,6.8,62.9,0.1,1.123966942,1.014925373,,n,n,0,0.75,4.030909091,50.14,2.726466369,0.716063168,0.868262024,
10,10/17/2018,9,A,m,13.95,6.3,7.75,6.2,59.2,0.3,0.984126984,1.050847458,,n,n,0.2,-0.1,4.030909091,50.14,3.17404062,1.175902524,1.116559038,
10,10/17/2018,10,A,m,13.9,5.4,7.75,6.15,58,0.55,1.138888889,1.098214286,,n,n,2,0.75,4.030909091,50.14,3.419366526,1.131931738,0.93727705,
10,10/17/2018,11,A,m,12.2,4.6,7.8,4.4,50.8,0,0.956521739,1,,n,n,0.02,-0.2,4.030909091,50.14,4.174068782,1.228121575,1.158416768,
10,10/17/2018,12,A,m,12,3.2,7.75,4.25,49.1,0.15,1.328125,1.036585366,,n,n,0,1.05,4.030909091,50.14,4.624679499,1.389064548,1.72326581,
10,10/17/2018,13,A,m,12.95,4.75,7.75,5.2,53.4,-0.05,1.094736842,0.99047619,,n,n,2,0.45,4.030909091,50.14,4.033945777,1.112519302,1.135196964,
10,10/17/2018,14,A,m,14.9,6.5,7.75,7.15,60.8,0.05,1.1,1.007042254,,n,n,0.02,0.65,4.030909091,50.14,3.287315272,1.01832476,1.134060355,
10,10/17/2018,15,A,f,11,3.1,7.75,3.25,49.4,0.6,1.048387097,1.226415094,,n,n,0,0.15,4.030909091,50.14,3.450741887,1.040223387,0.875640021,
10,10/17/2018,16,A,m,14.5,6.45,7.75,6.75,61.5,0.3,1.046511628,1.046511628,,n,n,2,0.3,4.030909091,50.14,2.963461413,0.819130535,0.931442182,
10,10/17/2018,17,A,m,13.55,5.3,7.75,5.8,56.8,0,1.094339623,1,,n,n,0.02,0.5,4.030909091,50.14,3.508308769,0.912597132,0.93777874,?
10,10/17/2018,18,A,f,10,2.15,7.75,2.25,40.8,0,1.046511628,1,,n,n,0.2,0.1,4.030909091,50.14,5.164714211,1.147536298,1.297986291,
10,10/17/2018,19,A,m,13.35,5.2,7.75,5.6,58.7,0,1.076923077,1,,n,n,0.2,0.4,4.030909091,50.14,2.966587051,0.884203075,0.954431935,
10,10/17/2018,21,A,m,12.55,5.55,7.75,4.8,57.9,-0.15,0.864864865,0.96969697,,n,n,0.2,-0.75,4.030909091,50.14,2.687402154,0.864723541,0.737763402,
10,10/17/2018,22,A,m,NA,NA,NA,NA,NA,NA,NA,NA,NA,NA,NA,0.02,NA,NA,NA,NA,NA,NA,
10,10/17/2018,23,A,f,10.1,2.5,7.75,2.35,44.8,-0.05,0.94,0.979166667,,y,n,2,-0.15,4.030909091,50.14,3.700025989,0.880805225,1.096475188,
10,10/17/2018,24,A,m,13.1,5.15,7.75,5.35,52.3,-0.05,1.038834951,0.990740741,,n,n,0.2,0.2,4.030909091,50.14,4.513549109,1.322359331,1.024489491,
10,10/17/2018,25,A,m,NA,NA,NA,NA,NA,NA,NA,NA,NA,NA,NA,0.02,NA,NA,NA,NA,NA,NA,
10,10/17/2018,26,B,f,11.75,2.25,7.75,4,49.5,0.4,1.777777778,1.111111111,,n,n,0,1.75,4.030909091,50.14,4.212587744,1.13690417,1.143776164,
10,10/17/2018,27,A,f,NA,NA,NA,NA,NA,NA,NA,NA,NA,NA,NA,0,NA,NA,NA,NA,NA,NA,
10,10/17/2018,28,A,m,13.15,5.4,7.75,5.4,55.2,-0.15,1,0.972972973,,n,n,0.2,0,4.030909091,50.14,3.66508597,0.848870016,0.973404686,
10,10/17/2018,30,A,m,12.6,4.7,7.75,4.85,48.8,0.05,1.031914894,1.010416667,,n,n,0.02,0.15,4.030909091,50.14,5.409578151,1.843829529,1.431013228,
10,10/17/2018,32,A,m,14.1,6.2,7.75,6.35,60.8,0.3,1.024193548,1.049586777,,n,n,0.2,0.15,4.030909091,50.14,2.919503773,0.941791009,0.893662053,
10,10/17/2018,33,A,m,14.05,5.95,7.75,6.3,56.5,-0.15,1.058823529,0.976744186,,n,n,2,0.35,4.030909091,50.14,3.892969524,1.155526147,1.292253901,
10,10/17/2018,34,A,m,13.4,6.15,7.75,5.65,57.7,0.9,0.918699187,1.189473684,,n,n,2,-0.5,4.030909091,50.14,3.207726429,1.127162843,0.807891765,
10,10/17/2018,35,A,m,14.9,6.4,7.75,7.15,65.1,0,1.1171875,1,,n,n,0.02,0.75,4.030909091,50.14,2.495826654,0.6944017,0.655201238,
10,10/17/2018,36,A,m,12.85,5.65,7.75,5.1,58.2,-0.15,0.902654867,0.971428571,,n,n,0,-0.55,4.030909091,50.14,2.796498193,0.831410738,0.883925331,
10,10/17/2018,37,A,m,13.6,6,7.75,5.85,59.1,0.35,0.975,1.063636364,,n,n,0,-0.15,4.030909091,50.14,3.015339762,0.832805067,0.932417356,
10,10/17/2018,38,A,m,13.2,5.65,7.75,5.45,59.1,0.95,0.96460177,1.211111111,,n,n,0,-0.2,4.030909091,50.14,2.809162684,1.02816475,1.04297724,
10,10/17/2018,40,B,m,14.45,6.4,7.75,6.7,61.5,0.1,1.046875,1.015151515,,n,n,0,0.3,4.030909091,50.14,2.941509847,0.926706735,0.968949626,
10,10/17/2018,41,B,f,10,2.25,7.7,2.3,39.5,0.15,1.022222222,1.069767442,,n,n,0.02,0.05,4.030909091,50.14,6.015594578,1.55699536,1.162070987,
10,10/17/2018,42,B,f,10.05,1.85,7.8,2.25,45,-0.1,1.216216216,0.957446809,,n,n,2,0.4,4.030909091,50.14,3.479538431,0.694389593,0.953055036,
10,10/17/2018,43,B,f,NA,NA,NA,NA,NA,NA,NA,NA,NA,NA,NA,2,NA,NA,NA,NA,NA,NA,
10,10/17/2018,44,B,m,12.5,4.35,7.75,4.75,54.6,0.1,1.091954023,1.021505376,,n,n,0,0.4,4.030909091,50.14,3.369119877,1.020421866,0.983949999,
10,10/17/2018,45,B,m,11.6,3.4,7.75,3.85,49.2,0.25,1.132352941,1.069444444,,n,n,0,0.45,4.030909091,50.14,4.155197641,1.293131497,1.226498335,
10,10/17/2018,48,B,f,9.3,1.2,7.7,1.6,39.6,0.1,1.333333333,1.066666667,,n,n,0.02,0.4,4.030909091,50.14,4.14232723,0.753042993,1.015924843,
10,10/17/2018,49,B,f,NA,NA,NA,NA,NA,NA,NA,NA,NA,NA,NA,0.02,NA,NA,NA,NA,NA,NA,
10,10/17/2018,52,B,f,9.25,1.85,7.75,1.5,39,-0.05,0.810810811,0.967741935,,n,n,0.2,-0.35,4.030909091,50.14,4.129932379,0.86619766,1.157167796,
10,10/17/2018,53,B,f,10.05,2.2,7.75,2.3,43.3,-0.2,1.045454545,0.92,,n,n,0.2,0.1,4.030909091,50.14,4.154151853,0.941075001,1.336684876,
10,10/17/2018,54,B,f,9.8,1.75,7.75,2.05,42.3,0.1,1.171428571,1.051282051,,n,n,0.2,0.3,4.030909091,50.14,4.068292404,0.978423728,0.98184158,
10,10/17/2018,55,B,f,10.6,2.95,7.75,2.85,46,0.05,0.966101695,1.017857143,,n,n,0.2,-0.1,4.030909091,50.14,4.033737855,1.009884225,1.348093119,
10,10/17/2018,56,B,f,10.55,2.65,7.8,2.75,37.7,0.05,1.037735849,1.018518519,,y,n,2,0.1,4.030909091,50.14,8.680255035,1.742204296,1.845889201,
10,10/17/2018,60,B,f,9.9,1.55,7.75,2.15,41.5,0.25,1.387096774,1.131578947,,n,n,0.2,0.6,4.030909091,50.14,4.608102682,0.978862763,1.157795156,
10,10/17/2018,62,B,f,8.7,0.95,7.75,0.95,33.9,0,1,1,,n,n,0,0,4.030909091,50.14,4.601677741,0.993161687,1.016471629,
10,10/17/2018,63,A,f,9.35,1.25,7.75,1.6,37,0,1.28,1,,n,n,2,0.35,4.030909091,50.14,5.446655,1.009321356,1.332976637,
10,10/17/2018,64,B,f,NA,NA,NA,NA,NA,NA,NA,NA,NA,NA,NA,0,NA,NA,NA,NA,NA,NA,
10,10/17/2018,66,B,f,9.85,1.85,7.75,2.1,42,-0.15,1.135135135,0.933333333,,n,n,0.2,0.25,4.030909091,50.14,4.28881629,1.014760773,1.939226689,
10,10/17/2018,67,A,f,NA,NA,NA,NA,NA,NA,NA,NA,NA,NA,NA,2,NA,NA,NA,NA,NA,NA,
10,10/17/2018,70,B,f,NA,NA,NA,NA,NA,NA,NA,NA,NA,NA,NA,2,NA,NA,NA,NA,NA,NA,
10,10/17/2018,73,B,f,10.25,1.9,7.75,2.5,46.4,0,1.315789474,1,,n,n,0.02,0.6,4.030909091,50.14,3.417008044,1.040186427,1.173606865,
10,10/17/2018,74,B,f,9.7,2.6,7.75,1.95,44.6,-0.45,0.75,0.8125,,n,n,2,-0.65,4.030909091,50.14,3.126109642,0.846729672,0.752132217,
10,10/17/2018,75,B,f,NA,NA,NA,NA,NA,NA,NA,NA,NA,NA,NA,0.02,NA,NA,NA,NA,NA,NA,
10,10/17/2018,76,B,f,10.05,2.5,7.75,2.3,45.7,0,0.92,1,,n,n,0,-0.2,4.030909091,50.14,3.342296741,1.01868314,0.935847988,
10,10/17/2018,77,B,f,9.8,2.6,7.75,2.05,44.1,-0.4,0.788461538,0.836734694,,n,n,0,-0.55,4.030909091,50.14,3.43921932,0.928074427,0.931328745,
10,10/17/2018,78,B,f,9.65,2.3,7.75,1.9,38.2,-0.15,0.826086957,0.926829268,,y,n,0.02,-0.4,4.030909091,50.14,5.687068764,1.265462454,1.381397511,
10,10/17/2018,79,B,f,10.05,2.9,7.75,2.3,44.5,-0.1,0.793103448,0.958333333,,n,n,0.2,-0.6,4.030909091,50.14,3.720719695,1.123314157,0.866171941,
10,10/17/2018,80,A,f,10.3,2.5,7.7,2.6,41.1,-0.15,1.04,0.945454545,,y,n,0,0.1,4.030909091,50.14,5.794449035,1.440616127,1.460061684,
10,10/17/2018,81,A,f,10.6,2.5,7.75,2.85,44.2,-0.05,1.14,0.982758621,,n,n,0.02,0.35,4.030909091,50.14,4.737898435,1.000475121,0.873787914,
10,10/17/2018,82,A,f,9.65,1.5,7.75,1.9,40.7,-0.05,1.266666667,0.974358974,,n,n,0.02,0.4,4.030909091,50.14,4.404669576,1.069106155,1.619042117,
