week,date,ID,treat,totalmass,bagmass,mass,original_mass_2_27,SVL,deltamass,percentofstartweight,percentgrowthrate,notes,crickseaten,cricksfed,propcrick,percpercgrowthrate
1,2_27_2019,11,0,13.05,7.7,5.35,5.35,54.6,,,,,,,,NA
1,2_27_2019,23,0,16.5,7.7,8.8,8.8,61.2,,,,,,,,NA
1,2_27_2019,29,0,13.55,7.75,5.8,5.8,58.7,,,,,,,,
1,2_27_2019,33,0,15.95,7.75,8.2,8.2,58.6,,,,,,,,
1,2_27_2019,35,0,14.05,7.7,6.35,6.35,58.4,,,,,,,,
1,2_27_2019,36,0,14.85,7.7,7.15,7.15,59.3,,,,,,,,
1,2_27_2019,37,0,14.05,7.7,6.35,6.35,58.8,,,,,,,,
1,2_27_2019,45,0,14.45,7.65,6.8,6.8,58.3,,,,,,,,
1,2_27_2019,50,0,13.35,7.75,5.6,5.6,55.4,,,,,,,,
1,2_27_2019,75,0,NA,NA,NA,NA,NA,,,,,,,,
1,2_27_2019,8,0.05,14.75,7.8,6.95,6.95,56.3,,,,,,,,
1,2_27_2019,30,0.05,15.45,7.8,7.65,7.65,63.4,,,,,,,,
1,2_27_2019,34,0.05,15.6,7.8,7.8,7.8,58.1,,,,,,,,
1,2_27_2019,43,0.05,13.85,7.75,6.1,6.1,54.2,,,,,,,,
1,2_27_2019,53,0.05,12.95,7.75,5.2,5.2,58.7,,,,,,,,
1,2_27_2019,55,0.05,13.55,7.8,5.75,5.75,58.5,,,,,,,,
1,2_27_2019,62,0.05,14.25,7.75,6.5,6.5,58,,,,,,,,
1,2_27_2019,65,0.05,12.55,7.7,4.85,4.85,55.9,,,,,,,,
1,2_27_2019,70,0.05,13.6,7.7,5.9,5.9,56.5,,,,,,,,
1,2_27_2019,74,0.05,13.45,7.7,5.75,5.75,57.5,,,,,,,,
1,2_27_2019,5,0.15,13.15,7.65,5.5,5.5,54.7,,,,,,,,
1,2_27_2019,6,0.15,14.5,7.65,6.85,6.85,60,,,,,,,,
1,2_27_2019,10,0.15,14,7.65,6.35,6.35,57.1,,,,,,,,
1,2_27_2019,25,0.15,15.8,7.65,8.15,8.15,61,,,,,,,,
1,2_27_2019,39,0.15,12.75,7.7,5.05,5.05,55.5,,,,,,,,
1,2_27_2019,42,0.15,14.05,7.7,6.35,6.35,59,,,,,,,,
1,2_27_2019,63,0.15,14.2,7.7,6.5,6.5,58.1,,,,,,,,
1,2_27_2019,71,0.15,12.55,7.7,4.85,4.85,56.9,,,,,,,,
1,2_27_2019,79,0.15,13.55,7.65,5.9,5.9,55.7,,,,,,,,
1,2_27_2019,80,0.15,13.6,7.65,5.95,5.95,60.2,,,,,,,,
1,2_27_2019,16,0.45,12.95,7.65,5.3,5.3,55.1,,,,,,,,
1,2_27_2019,26,0.45,14.85,7.65,7.2,7.2,58.6,,,,,,,,
1,2_27_2019,28,0.45,14.25,7.7,6.55,6.55,61.4,,,,,,,,
1,2_27_2019,32,0.45,15.95,7.6,8.35,8.35,63.3,,,,,,,,
1,2_27_2019,40,0.45,13.4,7.6,5.8,5.8,57.9,,,,,,,,
1,2_27_2019,44,0.45,14.3,7.6,6.7,6.7,60.1,,,,,,,,
1,2_27_2019,57,0.45,12.8,7.6,5.2,5.2,56.2,,,,,,,,
1,2_27_2019,72,0.45,12.7,7.6,5.1,5.1,59.6,,,,,,,,
1,2_27_2019,76,0.45,13.65,7.6,6.05,6.05,58.7,,,,,,,,
1,2_27_2019,81,0.45,12.2,7.6,4.6,4.6,55.5,,,,,,,,
1,2_27_2019,13,1.35,13.15,7.65,5.5,5.5,55.3,,,,,,,,
1,2_27_2019,22,1.35,15.55,7.65,7.9,7.9,60.3,,,,,,,,
1,2_27_2019,24,1.35,14.05,7.65,6.4,6.4,59.6,,,,,,,,
1,2_27_2019,27,1.35,13.75,7.7,6.05,6.05,55.3,,,,,,,,
1,2_27_2019,49,1.35,14.2,7.7,6.5,6.5,59.2,,,,,,,,
1,2_27_2019,58,1.35,15.15,7.65,7.5,7.5,63.1,,,,,,,,
1,2_27_2019,66,1.35,13.05,7.7,5.35,5.35,55,,,,,,,,
1,2_27_2019,77,1.35,14.4,7.65,6.75,6.75,59.7,,,,,,,,
1,2_27_2019,78,1.35,13.2,7.7,5.5,5.5,59.4,,,,,,,,
1,2_27_2019,82,1.35,13,7.7,5.3,5.3,52.4,,,,,,,,
2,3_6_2019,11,0,13.35,7.75,5.6,5.35,54.6,0.25,1.046728972,1.046728972,,,,,NA
2,3_6_2019,23,0,17.3,7.75,9.55,8.8,61.2,0.75,1.085227273,1.085227273,,,,,NA
2,3_6_2019,29,0,13.45,7.75,5.7,5.8,56.1,-0.1,0.982758621,0.982758621,,,,,
2,3_6_2019,33,0,15.4,7.75,7.65,8.2,60.8,-0.55,0.932926829,0.932926829,,,,,
2,3_6_2019,35,0,14.2,7.75,6.45,6.35,59.1,0.1,1.015748031,1.015748031,,,,,
2,3_6_2019,36,0,14.95,7.75,7.2,7.15,58.4,0.05,1.006993007,1.006993007,,,,,
2,3_6_2019,37,0,14.1,7.75,6.35,6.35,57,0,1,1,,,,,
2,3_6_2019,45,0,14.5,7.75,6.75,6.8,59,-0.05,0.992647059,0.992647059,,,,,
2,3_6_2019,50,0,13.35,7.75,5.6,5.6,55.6,0,1,1,,,,,
2,3_6_2019,75,0,12.5,7.75,4.75,4.75,55.5,NA,NA,NA,,,,,
2,3_6_2019,8,0.05,15.15,7.75,7.4,6.95,56.4,0.45,1.064748201,1.064748201,,,,,
2,3_6_2019,30,0.05,15.15,7.75,7.4,7.65,61.1,-0.25,0.967320261,0.967320261,,,,,
2,3_6_2019,34,0.05,15.7,7.75,7.95,7.8,58.1,0.15,1.019230769,1.019230769,,,,,
2,3_6_2019,43,0.05,13.65,7.75,5.9,6.1,54.6,-0.2,0.967213115,0.967213115,,,,,
2,3_6_2019,53,0.05,12.65,7.75,4.9,5.2,55.7,-0.3,0.942307692,0.942307692,,,,,
2,3_6_2019,55,0.05,13.85,7.75,6.1,5.75,58.9,0.35,1.060869565,1.060869565,,,,,
2,3_6_2019,62,0.05,14.15,7.75,6.4,6.5,55.6,-0.1,0.984615385,0.984615385,,,,,
2,3_6_2019,65,0.05,13.05,7.8,5.25,4.85,55,0.4,1.082474227,1.082474227,,,,,
2,3_6_2019,70,0.05,13.9,7.8,6.1,5.9,57.8,0.2,1.033898305,1.033898305,,,,,
2,3_6_2019,74,0.05,13.65,7.8,5.85,5.75,56.6,0.1,1.017391304,1.017391304,,,,,
2,3_6_2019,5,0.15,13.6,7.75,5.85,5.5,54.3,0.35,1.063636364,1.063636364,,,,,
2,3_6_2019,6,0.15,14.9,7.75,7.15,6.85,62.2,0.3,1.04379562,1.04379562,,,,,
2,3_6_2019,10,0.15,13.9,7.75,6.15,6.35,56.2,-0.2,0.968503937,0.968503937,,,,,
2,3_6_2019,25,0.15,15.5,7.7,7.8,8.15,61.4,-0.35,0.957055215,0.957055215,,,,,
2,3_6_2019,39,0.15,13.05,7.75,5.3,5.05,55.5,0.25,1.04950495,1.04950495,,,,,
2,3_6_2019,42,0.15,14.5,7.75,6.75,6.35,58,0.4,1.062992126,1.062992126,,,,,
2,3_6_2019,63,0.15,14.15,7.7,6.45,6.5,58.7,-0.05,0.992307692,0.992307692,,,,,
2,3_6_2019,71,0.15,13.1,7.75,5.35,4.85,55.4,0.5,1.103092784,1.103092784,,,,,
2,3_6_2019,79,0.15,14.15,7.75,6.4,5.9,56.7,0.5,1.084745763,1.084745763,,,,,
2,3_6_2019,80,0.15,13.05,7.7,5.35,5.95,61.5,-0.6,0.899159664,0.899159664,,,,,
2,3_6_2019,16,0.45,13,7.7,5.3,5.3,54.9,0,1,1,,,,,
2,3_6_2019,26,0.45,14.4,7.65,6.75,7.2,62.1,-0.45,0.9375,0.9375,,,,,
2,3_6_2019,28,0.45,14.55,7.65,6.9,6.55,61.1,0.35,1.053435115,1.053435115,,,,,
2,3_6_2019,32,0.45,15.7,7.7,8,8.35,62.6,-0.35,0.958083832,0.958083832,,,,,
2,3_6_2019,40,0.45,13.4,7.7,5.7,5.8,58.1,-0.1,0.982758621,0.982758621,,,,,
2,3_6_2019,44,0.45,14.35,7.75,6.6,6.7,59.7,-0.1,0.985074627,0.985074627,,,,,
2,3_6_2019,57,0.45,12.85,7.7,5.15,5.2,58.2,-0.05,0.990384615,0.990384615,,,,,
2,3_6_2019,72,0.45,13,7.8,5.2,5.1,57,0.1,1.019607843,1.019607843,,,,,
2,3_6_2019,76,0.45,14.35,7.8,6.55,6.05,59.9,0.5,1.082644628,1.082644628,,,,,
2,3_6_2019,81,0.45,13.35,7.75,5.6,4.6,56,1,1.217391304,1.217391304,,,,,
2,3_6_2019,13,1.35,13.25,7.7,5.55,5.5,55,0.05,1.009090909,1.009090909,,,,,
2,3_6_2019,22,1.35,15.75,7.75,8,7.9,61.8,0.1,1.012658228,1.012658228,,,,,
2,3_6_2019,24,1.35,13.7,7.75,5.95,6.4,61.3,-0.45,0.9296875,0.9296875,,,,,
2,3_6_2019,27,1.35,13.75,7.7,6.05,6.05,58.2,0,1,1,,,,,
2,3_6_2019,49,1.35,14.35,7.75,6.6,6.5,60,0.1,1.015384615,1.015384615,,,,,
2,3_6_2019,58,1.35,15.1,7.75,7.35,7.5,63.8,-0.15,0.98,0.98,,,,,
2,3_6_2019,66,1.35,13.15,7.75,5.4,5.35,55.6,0.05,1.009345794,1.009345794,,,,,
2,3_6_2019,77,1.35,14.55,7.75,6.8,6.75,60.6,0.05,1.007407407,1.007407407,,,,,
2,3_6_2019,78,1.35,13.75,7.75,6,5.5,58.8,0.5,1.090909091,1.090909091,,,,,
2,3_6_2019,82,1.35,13.6,7.7,5.9,5.3,56.4,0.6,1.113207547,1.113207547,,,,,
3,3_13_2019,11,0,12.9,7.7,5.2,5.35,58.4,-0.4,0.971962617,0.928571429,,,,,0.887117347
3,3_13_2019,23,0,17.3,7.7,9.6,8.8,60.5,0.05,1.090909091,1.005235602,,,,,0.926290397
3,3_13_2019,29,0,13.75,7.7,6.05,5.8,58.2,0.35,1.043103448,1.061403509,,,,,1.080024623
3,3_13_2019,33,0,15.45,7.7,7.75,8.2,60.8,0.1,0.945121951,1.013071895,,,,,1.08590713
3,3_13_2019,35,0,13.9,7.7,6.2,6.35,57.3,-0.25,0.976377953,0.96124031,,,,,0.94633736
3,3_13_2019,36,0,15,7.7,7.3,7.15,56,0.1,1.020979021,1.013888889,,,,,1.006847994
3,3_13_2019,37,0,13.75,7.7,6.05,6.35,56.3,-0.3,0.952755906,0.952755906,,,,,0.952755906
3,3_13_2019,45,0,14.7,7.7,7,6.8,58,0.25,1.029411765,1.037037037,,,,,1.044718793
3,3_13_2019,50,0,13,7.65,5.35,5.6,54.8,-0.25,0.955357143,0.955357143,,,,,0.955357143
3,3_13_2019,75,0,13.2,7.7,5.5,4.75,56,0.75,1.157894737,1.157894737,,,,,NA
3,3_13_2019,8,0.05,14.95,7.65,7.3,6.95,56.3,-0.1,1.050359712,0.986486486,,,,,0.926497443
3,3_13_2019,30,0.05,15.5,7.65,7.85,7.65,60.8,0.45,1.026143791,1.060810811,,,,,1.096649015
3,3_13_2019,34,0.05,15.85,7.65,8.2,7.8,58.4,0.25,1.051282051,1.031446541,,,,,1.011985286
3,3_13_2019,43,0.05,13.95,7.65,6.3,6.1,57.1,0.4,1.032786885,1.06779661,,,,,1.103993105
3,3_13_2019,53,0.05,12.95,7.7,5.25,5.2,57.9,0.35,1.009615385,1.071428571,,,,,1.137026239
3,3_13_2019,55,0.05,13.95,7.7,6.25,5.75,58.8,0.15,1.086956522,1.024590164,,,,,0.965802204
3,3_13_2019,62,0.05,14.15,7.7,6.45,6.5,57.4,0.05,0.992307692,1.0078125,,,,,1.02355957
3,3_13_2019,65,0.05,13.45,7.65,5.8,4.85,57.2,0.55,1.195876289,1.104761905,,,,,1.020589569
3,3_13_2019,70,0.05,13.95,7.65,6.3,5.9,59.2,0.2,1.06779661,1.032786885,,,,,0.99892502
3,3_13_2019,74,0.05,14,7.7,6.3,5.75,58.7,0.45,1.095652174,1.076923077,,,,,1.058514136
3,3_13_2019,5,0.15,13.85,7.65,6.2,5.5,56.9,0.35,1.127272727,1.05982906,,,,,0.996420483
3,3_13_2019,6,0.15,15.65,7.65,8,6.85,58.6,0.85,1.167883212,1.118881119,,,,,1.071935059
3,3_13_2019,10,0.15,14.55,7.65,6.9,6.35,58,0.75,1.086614173,1.12195122,,,,,1.158437439
3,3_13_2019,25,0.15,15.3,7.65,7.65,8.15,59.6,-0.15,0.938650307,0.980769231,,,,,1.024778106
3,3_13_2019,39,0.15,13.15,7.7,5.45,5.05,54.9,0.15,1.079207921,1.028301887,,,,,0.979797081
3,3_13_2019,42,0.15,14.65,7.75,6.9,6.35,58.4,0.15,1.086614173,1.022222222,,,,,0.96164609
3,3_13_2019,63,0.15,14.25,7.7,6.55,6.5,59.9,0.1,1.007692308,1.015503876,,,,,1.023375999
3,3_13_2019,71,0.15,13.3,7.7,5.6,4.85,58,0.25,1.154639175,1.046728972,,,,,0.948903834
3,3_13_2019,79,0.15,14.35,7.7,6.65,5.9,58.5,0.25,1.127118644,1.0390625,,,,,0.957885742
3,3_13_2019,80,0.15,13.55,7.7,5.85,5.95,61.9,0.5,0.983193277,1.093457944,,,,,1.216088741
3,3_13_2019,16,0.45,13.25,7.7,5.55,5.3,52.9,0.25,1.047169811,1.047169811,,,,,1.047169811
3,3_13_2019,26,0.45,14.55,7.65,6.9,7.2,60.1,0.15,0.958333333,1.022222222,,,,,1.09037037
3,3_13_2019,28,0.45,15.05,7.7,7.35,6.55,58.3,0.45,1.122137405,1.065217391,,,,,1.011184624
3,3_13_2019,32,0.45,16.05,7.7,8.35,8.35,63.4,0.35,1,1.04375,,,,,1.089414063
3,3_13_2019,40,0.45,13.55,7.7,5.85,5.8,58.4,0.15,1.00862069,1.026315789,,,,,1.044321329
3,3_13_2019,44,0.45,14.65,7.7,6.95,6.7,59.4,0.35,1.037313433,1.053030303,,,,,1.068985307
3,3_13_2019,57,0.45,12.85,7.75,5.1,5.2,57.4,-0.05,0.980769231,0.990291262,,,,,0.999905741
3,3_13_2019,72,0.45,13.45,7.7,5.75,5.1,56.1,0.55,1.12745098,1.105769231,,,,,1.084504438
3,3_13_2019,76,0.45,14.3,7.7,6.6,6.05,56.4,0.05,1.090909091,1.007633588,,,,,0.930714994
3,3_13_2019,81,0.45,13.7,7.7,6,4.6,56.1,0.4,1.304347826,1.071428571,,,,,0.880102041
3,3_13_2019,13,1.35,13.05,7.7,5.35,5.5,55.4,-0.2,0.972727273,0.963963964,,,,,0.955279604
3,3_13_2019,22,1.35,15.6,7.65,7.95,7.9,62.5,-0.05,1.006329114,0.99375,,,,,0.981328125
3,3_13_2019,24,1.35,13.8,7.7,6.1,6.4,59.6,0.15,0.953125,1.025210084,,,,,1.102746981
3,3_13_2019,27,1.35,13.55,7.65,5.9,6.05,56.6,-0.15,0.975206612,0.975206612,,,,,0.975206612
3,3_13_2019,49,1.35,13.9,7.65,6.25,6.5,58.3,-0.35,0.961538462,0.946969697,,,,,0.932621672
3,3_13_2019,58,1.35,15.55,7.65,7.9,7.5,61.4,0.55,1.053333333,1.074829932,,,,,1.096765237
3,3_13_2019,66,1.35,13.2,7.75,5.45,5.35,54.8,0.05,1.018691589,1.009259259,,,,,0.999914266
3,3_13_2019,77,1.35,14.7,7.75,6.95,6.75,58.6,0.15,1.02962963,1.022058824,,,,,1.014543686
3,3_13_2019,78,1.35,13.1,7.75,5.35,5.5,60.5,-0.65,0.972727273,0.891666667,,,,,0.817361111
3,3_13_2019,82,1.35,13.75,7.7,6.05,5.3,57.3,0.15,1.141509434,1.025423729,,,,,0.92114335
4,3_20_2019,11,0,12.75,7.7,5.05,5.35,57.1,-0.15,0.943925234,0.971153846,,,,,1.045857988
4,3_20_2019,23,0,17.05,7.7,9.35,8.8,63,-0.25,1.0625,0.973958333,,,,,0.968885633
4,3_20_2019,29,0,13.8,7.65,6.15,5.8,59.1,0.1,1.060344828,1.016528926,,,,,0.957721467
4,3_20_2019,33,0,14.95,7.65,7.3,8.2,61.1,-0.45,0.890243902,0.941935484,,,,,0.929781478
4,3_20_2019,35,0,13.4,7.65,5.75,6.35,59.8,-0.45,0.905511811,0.927419355,,,,,0.964815297
4,3_20_2019,36,0,14.6,7.7,6.9,7.15,58.4,-0.4,0.965034965,0.945205479,,,,,0.932257459
4,3_20_2019,37,0,13.7,7.7,6,6.35,60.7,-0.05,0.94488189,0.991735537,,,,,1.040912505
4,3_20_2019,45,0,14,7.7,6.3,6.8,59.2,-0.7,0.926470588,0.9,,,,,0.867857143
4,3_20_2019,50,0,12.7,7.65,5.05,5.6,54,-0.3,0.901785714,0.943925234,,,,,0.98803389
4,3_20_2019,75,0,13.1,7.7,5.4,4.75,58.7,-0.1,1.136842105,0.981818182,,,,,0.847933884
4,3_20_2019,8,0.05,14.35,7.65,6.7,6.95,59.1,-0.6,0.964028777,0.917808219,,,,,0.930380935
4,3_20_2019,30,0.05,15.2,7.65,7.55,7.65,63.4,-0.3,0.986928105,0.961783439,,,,,0.906649356
4,3_20_2019,34,0.05,15.7,7.65,8.05,7.8,64.1,-0.15,1.032051282,0.981707317,,,,,0.951777216
4,3_20_2019,43,0.05,14,7.7,6.3,6.1,58.3,0,1.032786885,1,,,,,0.936507937
4,3_20_2019,53,0.05,13,7.75,5.25,5.2,57.6,0,1.009615385,1,,,,,0.933333334
4,3_20_2019,55,0.05,13.6,7.75,5.85,5.75,61,-0.4,1.017391304,0.936,,,,,0.913536
4,3_20_2019,62,0.05,14.25,7.7,6.55,6.5,59.7,0.1,1.007692308,1.015503876,,,,,1.007631753
4,3_20_2019,65,0.05,13.5,7.65,5.85,4.85,58.7,0.05,1.206185567,1.00862069,,,,,0.912975624
4,3_20_2019,70,0.05,13.95,7.65,6.3,5.9,61.7,0,1.06779661,1,,,,,0.968253968
4,3_20_2019,74,0.05,13.75,7.7,6.05,5.75,60.5,-0.25,1.052173913,0.96031746,,,,,0.891723356
4,3_20_2019,5,0.15,13.25,7.7,5.55,5.5,55.4,-0.65,1.009090909,0.89516129,,,,,0.844627991
4,3_20_2019,6,0.15,15.45,7.7,7.75,6.85,62.2,-0.25,1.131386861,0.96875,,,,,0.865820312
4,3_20_2019,10,0.15,14,7.65,6.35,6.35,60.4,-0.55,1,0.920289855,,,,,0.820258349
4,3_20_2019,25,0.15,14.7,7.7,7,8.15,63,-0.65,0.858895706,0.91503268,,,,,0.932974497
4,3_20_2019,39,0.15,13.05,7.7,5.35,5.05,57.1,-0.1,1.059405941,0.981651376,,,,,0.954633448
4,3_20_2019,42,0.15,13.65,7.7,5.95,6.35,62.6,-0.95,0.937007874,0.862318841,,,,,0.843572779
4,3_20_2019,63,0.15,14.45,7.65,6.8,6.5,61.8,0.25,1.046153846,1.038167939,,,,,1.022318047
4,3_20_2019,71,0.15,13.25,7.7,5.55,4.85,58.8,-0.05,1.144329897,0.991071429,,,,,0.946827169
4,3_20_2019,79,0.15,14.2,7.7,6.5,5.9,63.9,-0.15,1.101694915,0.977443609,,,,,0.940697609
4,3_20_2019,80,0.15,12.9,7.75,5.15,5.95,63.9,-0.7,0.865546218,0.88034188,,,,,0.805098984
4,3_20_2019,16,0.45,12.55,7.7,4.85,5.3,56.6,-0.7,0.91509434,0.873873874,,,,,0.834510186
4,3_20_2019,26,0.45,14.05,7.7,6.35,7.2,58,-0.55,0.881944444,0.920289855,,,,,0.900283554
4,3_20_2019,28,0.45,14.5,7.7,6.8,6.55,61.9,-0.55,1.038167939,0.925170068,,,,,0.868527003
4,3_20_2019,32,0.45,15.85,7.7,8.15,8.35,61.1,-0.2,0.976047904,0.976047904,,,,,0.935135716
4,3_20_2019,40,0.45,13.85,7.65,6.2,5.8,62.4,0.35,1.068965517,1.05982906,,,,,1.032653956
4,3_20_2019,44,0.45,14.05,7.7,6.35,6.7,61.3,-0.6,0.947761194,0.913669065,,,,,0.867656954
4,3_20_2019,57,0.45,12.75,7.7,5.05,5.2,58.4,-0.05,0.971153846,0.990196078,,,,,0.999903883
4,3_20_2019,72,0.45,13.8,7.65,6.15,5.1,60.1,0.4,1.205882353,1.069565217,,,,,0.967258979
4,3_20_2019,76,0.45,14.3,7.7,6.6,6.05,59.7,0,1.090909091,1,,,,,0.992424242
4,3_20_2019,81,0.45,13.1,7.7,5.4,4.6,56.2,-0.6,1.173913043,0.9,,,,,0.84
4,3_20_2019,13,1.35,13.25,7.7,5.55,5.5,54.2,0.2,1.009090909,1.037383178,,,,,1.076163858
4,3_20_2019,22,1.35,15.2,7.7,7.5,7.9,61.4,-0.45,0.949367089,0.943396226,,,,,0.949329536
4,3_20_2019,24,1.35,13.2,7.7,5.5,6.4,60.7,-0.6,0.859375,0.901639344,,,,,0.879467885
4,3_20_2019,27,1.35,13.3,7.65,5.65,6.05,61.2,-0.25,0.933884298,0.957627119,,,,,0.981973571
4,3_20_2019,49,1.35,14.1,7.65,6.45,6.5,59.6,0.2,0.992307692,1.032,,,,,1.089792
4,3_20_2019,58,1.35,14.8,7.7,7.1,7.5,63.3,-0.8,0.946666667,0.898734177,,,,,0.836164076
4,3_20_2019,66,1.35,13.25,7.65,5.6,5.35,58.8,0.15,1.046728972,1.027522936,,,,,1.01809612
4,3_20_2019,77,1.35,14.6,7.65,6.95,6.75,60.8,0,1.02962963,1,,,,,0.978417266
4,3_20_2019,78,1.35,12.75,7.65,5.1,5.5,59.8,-0.25,0.927272727,0.953271028,,,,,1.069089003
4,3_20_2019,82,1.35,13.7,7.65,6.05,5.3,59.4,0,1.141509434,1,,,,,0.975206611
5,3_27_2019,11,0,12.9,7.7,5.2,5.35,54.7,0.15,0.971962617,1.02970297,,,,,1.060288207
5,3_27_2019,23,0,17.65,7.7,9.95,8.8,60.7,0.6,1.130681818,1.064171123,,,,,1.092624897
5,3_27_2019,29,0,14.2,7.7,6.5,5.8,58.2,0.35,1.120689655,1.056910569,,,,,1.039725031
5,3_27_2019,33,0,15.25,7.7,7.55,8.2,57.6,0.25,0.920731707,1.034246575,,,,,1.098001501
5,3_27_2019,35,0,13.85,7.75,6.1,6.35,57.9,0.35,0.960629921,1.060869565,,,,,1.143894139
5,3_27_2019,36,0,15.05,7.75,7.3,7.15,59.3,0.4,1.020979021,1.057971014,,,,,1.119302668
5,3_27_2019,37,0,14.1,7.75,6.35,6.35,57.2,0.35,1,1.058333333,,,,,1.067152778
5,3_27_2019,45,0,14.75,7.7,7.05,6.8,57.9,0.75,1.036764706,1.119047619,,,,,1.243386243
5,3_27_2019,50,0,13,7.75,5.25,5.6,51.4,0.2,0.9375,1.03960396,,,,,1.101362611
5,3_27_2019,75,0,13.75,7.7,6.05,4.75,57.1,0.65,1.273684211,1.12037037,,,,,1.141117969
5,3_27_2019,8,0.05,15.35,7.7,7.65,6.95,56.1,0.95,1.100719424,1.141791045,,,,,1.24404099
5,3_27_2019,30,0.05,16.15,7.7,8.45,7.65,62.9,0.9,1.104575163,1.119205298,,,,,1.163677032
5,3_27_2019,34,0.05,16.15,7.7,8.45,7.8,59.2,0.4,1.083333333,1.049689441,,,,,1.069248872
5,3_27_2019,43,0.05,14.05,7.7,6.35,6.1,54.7,0.05,1.040983607,1.007936508,,,,,1.007936508
5,3_27_2019,53,0.05,13.15,7.7,5.45,5.2,57.6,0.2,1.048076923,1.038095238,,,,,1.038095238
5,3_27_2019,55,0.05,14.3,7.65,6.65,5.75,59,0.8,1.156521739,1.136752137,,,,,1.214478779
5,3_27_2019,62,0.05,14.25,7.65,6.6,6.5,55.2,0.05,1.015384615,1.007633588,,,,,0.992249869
5,3_27_2019,65,0.05,13.95,7.65,6.3,4.85,57.7,0.45,1.298969072,1.076923077,,,,,1.067718606
5,3_27_2019,70,0.05,15.1,7.65,7.45,5.9,58.1,1.15,1.262711864,1.182539683,,,,,1.182539683
5,3_27_2019,74,0.05,14.2,7.65,6.55,5.75,59.6,0.5,1.139130435,1.082644628,,,,,1.12738201
5,3_27_2019,5,0.15,14.5,7.65,6.85,5.5,54.7,1.3,1.245454545,1.234234234,,,,,1.37878419
5,3_27_2019,6,0.15,16.15,7.7,8.45,6.85,57.8,0.7,1.233576642,1.090322581,,,,,1.125494277
5,3_27_2019,10,0.15,14.65,7.65,7,6.35,55.3,0.65,1.102362205,1.102362205,,,,,1.197842396
5,3_27_2019,25,0.15,14.55,7.65,6.9,8.15,59.5,-0.1,0.846625767,0.985714286,,,,,1.077244898
5,3_27_2019,39,0.15,13.3,7.7,5.6,5.05,55.9,0.25,1.108910891,1.046728972,,,,,1.066294
5,3_27_2019,42,0.15,14.3,7.7,6.6,6.35,57.3,0.65,1.039370079,1.109243697,,,,,1.286349833
5,3_27_2019,63,0.15,14.65,7.7,6.95,6.5,57.5,0.15,1.069230769,1.022058824,,,,,0.984483132
5,3_27_2019,71,0.15,14.15,7.7,6.45,4.85,55.2,0.9,1.329896907,1.162162162,,,,,1.172632091
5,3_27_2019,79,0.15,15.1,7.7,7.4,5.9,56.8,0.9,1.254237288,1.138461538,,,,,1.164733727
5,3_27_2019,80,0.15,13.75,7.65,6.1,5.95,60.5,0.95,1.025210084,1.184466019,,,,,1.345461401
5,3_27_2019,16,0.45,12.85,7.7,5.15,5.3,55.9,0.3,0.971698113,1.06185567,,,,,1.215113189
5,3_27_2019,26,0.45,14.15,7.65,6.5,7.2,58.7,0.15,0.902777778,1.023622047,,,,,1.112282224
5,3_27_2019,28,0.45,15.1,7.65,7.45,6.55,58.5,0.65,1.13740458,1.095588235,,,,,1.184201989
5,3_27_2019,32,0.45,16.65,7.65,9,8.35,61.4,0.85,1.077844311,1.104294479,,,,,1.13139373
5,3_27_2019,40,0.45,14.25,7.7,6.55,5.8,57,0.35,1.129310345,1.056451613,,,,,0.996813215
5,3_27_2019,44,0.45,14.45,7.65,6.8,6.7,57.9,0.45,1.014925373,1.070866142,,,,,1.172050344
5,3_27_2019,57,0.45,13.1,7.65,5.45,5.2,56.1,0.4,1.048076923,1.079207921,,,,,1.089893148
5,3_27_2019,72,0.45,14.15,7.7,6.45,5.1,57.3,0.3,1.264705882,1.048780488,,,,,0.980567123
5,3_27_2019,76,0.45,14.4,7.7,6.7,6.05,58.1,0.1,1.107438017,1.015151515,,,,,1.015151515
5,3_27_2019,81,0.45,14.35,7.7,6.65,4.6,56.4,1.25,1.445652174,1.231481481,,,,,1.368312757
5,3_27_2019,13,1.35,13.35,7.65,5.7,5.5,54,0.15,1.036363636,1.027027027,,,,,0.990017044
5,3_27_2019,22,1.35,15.35,7.7,7.65,7.9,59,0.15,0.96835443,1.02,,,,,1.0812
5,3_27_2019,24,1.35,13.25,7.7,5.55,6.4,58.1,0.05,0.8671875,1.009090909,,,,,1.119173554
5,3_27_2019,27,1.35,13.1,7.7,5.4,6.05,54.5,-0.25,0.892561983,0.955752212,,,,,0.998042133
5,3_27_2019,49,1.35,14.35,7.7,6.65,6.5,59.6,0.2,1.023076923,1.031007752,,,,,0.999038519
5,3_27_2019,58,1.35,15.55,7.65,7.9,7.5,60.3,0.8,1.053333333,1.112676056,,,,,1.238048006
5,3_27_2019,66,1.35,13.7,7.7,6,5.35,54.2,0.4,1.121495327,1.071428571,,,,,1.042729591
5,3_27_2019,77,1.35,14.8,7.7,7.1,6.75,58.5,0.15,1.051851852,1.021582734,,,,,1.021582734
5,3_27_2019,78,1.35,13.4,7.7,5.7,5.5,59.4,0.6,1.036363636,1.117647059,,,,,1.17243368
5,3_27_2019,82,1.35,14.9,7.7,7.2,5.3,55.5,1.15,1.358490566,1.190082645,,,,,1.190082645
6,4_3_2019,11,0,12.7,7.7,5,5.35,52.8,-0.2,0.934579439,0.961538462,,,,,0.933801776
6,4_3_2019,23,0,17.6,7.7,9.9,8.8,62.4,-0.05,1.125,0.994974874,,,,,0.934976389
6,4_3_2019,29,0,14.05,7.75,6.3,5.8,58.5,-0.2,1.086206897,0.969230769,,,,,0.91704142
6,4_3_2019,33,0,15.25,7.7,7.55,8.2,61,0,0.920731707,1,,,,,0.966887418
6,4_3_2019,35,0,14.15,7.75,6.4,6.35,55.4,0.3,1.007874016,1.049180328,,,,,0.988981457
6,4_3_2019,36,0,14.75,7.75,7,7.15,59.3,-0.3,0.979020979,0.95890411,,,,,0.906361419
6,4_3_2019,37,0,13.95,7.75,6.2,6.35,57.4,-0.15,0.976377953,0.976377953,,,,,0.922561846
6,4_3_2019,45,0,14.7,7.75,6.95,6.8,60.8,-0.1,1.022058824,0.985815603,,,,,0.880941603
6,4_3_2019,50,0,13.3,7.7,5.6,5.6,54,0.35,1,1.066666667,,,,,1.026031747
6,4_3_2019,75,0,13.7,7.7,6,4.75,57.1,-0.05,1.263157895,0.991735537,,,,,0.885185438
6,4_3_2019,8,0.05,15.25,7.7,7.55,6.95,56.3,-0.1,1.086330935,0.986928105,,,,,0.864368406
6,4_3_2019,30,0.05,15.65,7.7,7.95,7.65,62.9,-0.5,1.039215686,0.940828402,,,,,0.840621827
6,4_3_2019,34,0.05,16.65,7.7,8.95,7.8,59.4,0.5,1.147435897,1.059171598,,,,,1.009033297
6,4_3_2019,43,0.05,13.95,7.7,6.25,6.1,54.2,-0.1,1.024590164,0.984251969,,,,,0.976501953
6,4_3_2019,53,0.05,12.85,7.7,5.15,5.2,59.2,-0.3,0.990384615,0.944954128,,,,,0.910276912
6,4_3_2019,55,0.05,14.5,7.7,6.8,5.75,60.3,0.15,1.182608696,1.022556391,,,,,0.899542088
6,4_3_2019,62,0.05,14.15,7.7,6.45,6.5,55.4,-0.15,0.992307692,0.977272727,,,,,0.969869146
6,4_3_2019,65,0.05,14.1,7.7,6.4,4.85,58.1,0.1,1.319587629,1.015873016,,,,,0.943310658
6,4_3_2019,70,0.05,15.1,7.7,7.4,5.9,58.7,-0.05,1.254237288,0.993288591,,,,,0.839962164
6,4_3_2019,74,0.05,14.1,7.7,6.4,5.75,59.8,-0.15,1.113043478,0.977099237,,,,,0.902511509
6,4_3_2019,5,0.15,14.55,7.65,6.9,5.5,55.3,0.05,1.254545455,1.00729927,,,,,0.816132985
6,4_3_2019,6,0.15,15.7,7.65,8.05,6.85,57.9,-0.4,1.175182482,0.952662722,,,,,0.873743916
6,4_3_2019,10,0.15,14.35,7.65,6.7,6.35,55.6,-0.3,1.05511811,0.957142857,,,,,0.868265306
6,4_3_2019,25,0.15,14.25,7.65,6.6,8.15,59.6,-0.3,0.809815951,0.956521739,,,,,0.970384373
6,4_3_2019,39,0.15,13.35,7.7,5.65,5.05,56.4,0.05,1.118811881,1.008928571,,,,,0.963887117
6,4_3_2019,42,0.15,14.55,7.7,6.85,6.35,57.8,0.25,1.078740157,1.037878788,,,,,0.935663453
6,4_3_2019,63,0.15,14.7,7.7,7,6.5,58.7,0.05,1.076923077,1.007194245,,,,,0.985456239
6,4_3_2019,71,0.15,14.15,7.7,6.45,4.85,59.4,0,1.329896907,1,,,,,0.860465116
6,4_3_2019,79,0.15,15.4,7.7,7.7,5.9,59.2,0.3,1.305084746,1.040540541,,,,,0.913988313
6,4_3_2019,80,0.15,13.95,7.7,6.25,5.95,62,0.15,1.050420168,1.024590164,,,,,0.865022844
6,4_3_2019,16,0.45,12.65,7.7,4.95,5.3,56.6,-0.2,0.933962264,0.961165049,,,,,0.905174852
6,4_3_2019,26,0.45,13.95,7.7,6.25,7.2,59.6,-0.25,0.868055556,0.961538462,,,,,0.939349113
6,4_3_2019,28,0.45,15.15,7.7,7.45,6.55,60,0,1.13740458,1,,,,,0.912751678
6,4_3_2019,32,0.45,16.65,7.7,8.95,8.35,60.7,-0.05,1.071856287,0.994444444,,,,,0.900524691
6,4_3_2019,40,0.45,13.95,7.7,6.25,5.8,58.6,-0.3,1.077586207,0.954198473,,,,,0.903210768
6,4_3_2019,44,0.45,14.1,7.7,6.4,6.7,57.6,-0.4,0.955223881,0.941176471,,,,,0.878892734
6,4_3_2019,57,0.45,13.1,7.7,5.4,5.2,57.9,-0.05,1.038461538,0.990825688,,,,,0.918104536
6,4_3_2019,72,0.45,14.35,7.7,6.65,5.1,58.2,0.2,1.303921569,1.031007752,,,,,0.983053903
6,4_3_2019,76,0.45,14.75,7.7,7.05,6.05,58.8,0.35,1.165289256,1.052238806,,,,,1.036533749
6,4_3_2019,81,0.45,14.6,7.7,6.9,4.6,55.2,0.25,1.5,1.037593985,,,,,0.842557522
6,4_3_2019,13,1.35,13.4,7.7,5.7,5.5,55,0,1.036363636,1,,,,,0.973684211
6,4_3_2019,22,1.35,15.6,7.7,7.9,7.9,60.1,0.25,1,1.032679739,,,,,1.012431117
6,4_3_2019,24,1.35,12.95,7.7,5.25,6.4,57.9,-0.3,0.8203125,0.945945946,,,,,0.937423911
6,4_3_2019,27,1.35,12.9,7.7,5.2,6.05,55.1,-0.2,0.859504132,0.962962963,,,,,1.007544582
6,4_3_2019,49,1.35,14.2,7.7,6.5,6.5,57.8,-0.15,1,0.977443609,,,,,0.948046809
6,4_3_2019,58,1.35,15.65,7.7,7.95,7.5,59.2,0.05,1.06,1.006329114,,,,,0.904422369
6,4_3_2019,66,1.35,13.8,7.7,6.1,5.35,53.1,0.1,1.140186916,1.016666667,,,,,0.94888889
6,4_3_2019,77,1.35,14.75,7.75,7,6.75,56.6,-0.1,1.037037037,0.985915493,,,,,0.965086292
6,4_3_2019,78,1.35,13.55,7.7,5.85,5.5,61.6,0.15,1.063636364,1.026315789,,,,,0.918282548
6,4_3_2019,82,1.35,14.55,7.7,6.85,5.3,56.1,-0.35,1.29245283,0.951388889,,,,,0.799430941
7,4_10_2019,11,0,12.1,7.7,4.4,5.35,55.1,-0.6,0.822429907,0.88,,,,,0.9152
7,4_10_2019,23,0,17.75,7.7,10.05,8.8,62.6,0.15,1.142045455,1.015151515,,,,,1.020278543
7,4_10_2019,29,0,14.05,7.7,6.35,5.8,58.9,0.05,1.094827586,1.007936508,,,,,1.039934493
7,4_10_2019,33,0,15.4,7.7,7.7,8.2,62.2,0.15,0.93902439,1.01986755,,,,,1.01986755
7,4_10_2019,35,0,13.75,7.7,6.05,6.35,55.8,-0.35,0.952755906,0.9453125,,,,,0.901000976
7,4_10_2019,36,0,14.55,7.7,6.85,7.15,57,-0.15,0.958041958,0.978571429,,,,,1.020510204
7,4_10_2019,37,0,14.2,7.7,6.5,6.35,60.7,0.3,1.023622047,1.048387097,,,,,1.073751301
7,4_10_2019,45,0,14.75,7.7,7.05,6.8,61.3,0.1,1.036764706,1.014388489,,,,,1.028984007
7,4_10_2019,50,0,13.05,7.7,5.35,5.6,54.3,-0.25,0.955357143,0.955357143,,,,,0.895647321
7,4_10_2019,75,0,13.65,7.7,5.95,4.75,58,-0.05,1.252631579,0.991666667,,,,,0.999930556
7,4_10_2019,8,0.05,14.95,7.7,7.25,6.95,56.3,-0.3,1.043165468,0.960264901,,,,,0.972983641
7,4_10_2019,30,0.05,15.65,7.7,7.95,7.65,59.7,0,1.039215686,1,,,,,1.062893082
7,4_10_2019,34,0.05,15.9,7.7,8.2,7.8,59.4,-0.75,1.051282051,0.916201117,,,,,0.865016697
7,4_10_2019,43,0.05,13.9,7.7,6.2,6.1,54.8,-0.05,1.016393443,0.992,,,,,1.007871999
7,4_10_2019,53,0.05,13.25,7.7,5.55,5.2,59.4,0.4,1.067307692,1.077669903,,,,,1.140446791
7,4_10_2019,55,0.05,14.7,7.7,7,5.75,59,0.2,1.217391304,1.029411765,,,,,1.006704153
7,4_10_2019,62,0.05,14,7.7,6.3,6.5,56.4,-0.15,0.969230769,0.976744186,,,,,0.999459167
7,4_10_2019,65,0.05,14.15,7.75,6.4,4.85,57.5,0,1.319587629,1,,,,,0.984375
7,4_10_2019,70,0.05,15.2,7.7,7.5,5.9,57.4,0.1,1.271186441,1.013513514,,,,,1.020361578
7,4_10_2019,74,0.05,14.25,7.7,6.55,5.75,60,0.15,1.139130435,1.0234375,,,,,1.047424316
7,4_10_2019,5,0.15,14.5,7.7,6.8,5.5,55.6,-0.1,1.236363636,0.985507246,,,,,0.978365889
7,4_10_2019,6,0.15,15.35,7.7,7.65,6.85,60.7,-0.4,1.116788321,0.950310559,,,,,0.997530959
7,4_10_2019,10,0.15,13.9,7.7,6.2,6.35,56.3,-0.5,0.976377953,0.925373134,,,,,0.966807752
7,4_10_2019,25,0.15,14.1,7.7,6.4,8.15,59.7,-0.2,0.785276074,0.96969697,,,,,1.013774105
7,4_10_2019,39,0.15,13.35,7.7,5.65,5.05,53.9,0,1.118811881,1,,,,,0.991150443
7,4_10_2019,42,0.15,14.1,7.7,6.4,6.35,58.3,-0.45,1.007874016,0.934306569,,,,,0.900207789
7,4_10_2019,63,0.15,14.6,7.7,6.9,6.5,58.7,-0.1,1.061538462,0.985714286,,,,,0.978673469
7,4_10_2019,71,0.15,14.55,7.7,6.85,4.85,56.3,0.4,1.412371134,1.062015504,,,,,1.062015504
7,4_10_2019,79,0.15,15.4,7.7,7.7,5.9,60,0,1.305084746,1,,,,,0.961038961
7,4_10_2019,80,0.15,13.95,7.7,6.25,5.95,60.5,0,1.050420168,1,,,,,0.976
7,4_10_2019,16,0.45,12.8,7.7,5.1,5.3,51.1,0.15,0.962264151,1.03030303,,,,,1.071931435
7,4_10_2019,26,0.45,13.55,7.7,5.85,7.2,60.5,-0.4,0.8125,0.936,,,,,0.97344
7,4_10_2019,28,0.45,15.15,7.7,7.45,6.55,58.2,0,1.13740458,1,,,,,1
7,4_10_2019,32,0.45,16.55,7.7,8.85,8.35,58.9,-0.1,1.05988024,0.988826816,,,,,0.994350989
7,4_10_2019,40,0.45,14.55,7.7,6.85,5.8,58.2,0.6,1.181034483,1.096,,,,,1.148608
7,4_10_2019,44,0.45,14.2,7.7,6.5,6.7,57.5,0.1,0.970149254,1.015625,,,,,1.079101562
7,4_10_2019,57,0.45,12.85,7.7,5.15,5.2,57.4,-0.25,0.990384615,0.953703704,,,,,0.962534294
7,4_10_2019,72,0.45,14.05,7.7,6.35,5.1,58.9,-0.3,1.245098039,0.954887218,,,,,0.926168805
7,4_10_2019,76,0.45,14.3,7.7,6.6,6.05,57,-0.45,1.090909091,0.936170213,,,,,0.889693678
7,4_10_2019,81,0.45,14.8,7.7,7.1,4.6,55.5,0.2,1.543478261,1.028985507,,,,,0.991703423
7,4_10_2019,13,1.35,13.8,7.7,6.1,5.5,55.3,0.4,1.109090909,1.070175439,,,,,1.070175439
7,4_10_2019,22,1.35,15.4,7.7,7.7,7.9,60.3,-0.2,0.974683544,0.974683544,,,,,0.943839128
7,4_10_2019,24,1.35,12.8,7.7,5.1,6.4,57.2,-0.15,0.796875,0.971428571,,,,,1.026938775
7,4_10_2019,27,1.35,12.25,7.7,4.55,6.05,55.9,-0.65,0.752066116,0.875,,,,,0.908653846
7,4_10_2019,49,1.35,14.05,7.7,6.35,6.5,59.7,-0.15,0.976923077,0.976923077,,,,,0.999467456
7,4_10_2019,58,1.35,15.6,7.7,7.9,7.5,61.9,-0.05,1.053333333,0.993710692,,,,,0.987460939
7,4_10_2019,66,1.35,14.2,7.7,6.5,5.35,54,0.4,1.214953271,1.06557377,,,,,1.048105347
7,4_10_2019,77,1.35,15.1,7.7,7.4,6.75,57.9,0.4,1.096296296,1.057142857,,,,,1.072244898
7,4_10_2019,78,1.35,13.85,7.7,6.15,5.5,58.6,0.3,1.118181818,1.051282051,,,,,1.024326101
7,4_10_2019,82,1.35,14.7,7.7,7,5.3,58.4,0.15,1.320754717,1.02189781,,,,,1.074111567
8,4_17_2019,11,0,11.55,7.75,3.8,5.35,53.5,-0.6,0.710280374,0.863636364,,,,,0.981404959
8,4_17_2019,23,0,18.05,7.7,10.35,8.8,61.5,0.3,1.176136364,1.029850746,,,,,1.014479839
8,4_17_2019,29,0,14.1,7.7,6.4,5.8,57.7,0.05,1.103448276,1.007874016,,,,,0.999938
8,4_17_2019,33,0,14.9,7.7,7.2,8.2,58.6,-0.5,0.87804878,0.935064935,,,,,0.916849384
8,4_17_2019,35,0,13.3,7.7,5.6,6.35,54.9,-0.45,0.881889764,0.925619835,,,,,0.97916809
8,4_17_2019,36,0,13.95,7.7,6.25,7.15,56.5,-0.6,0.874125874,0.912408759,,,,,0.932388512
8,4_17_2019,37,0,14.05,7.7,6.35,6.35,56.2,-0.15,1,0.976923077,,,,,0.931834319
8,4_17_2019,45,0,14.35,7.7,6.65,6.8,57.4,-0.4,0.977941176,0.943262411,,,,,0.929882803
8,4_17_2019,50,0,13.25,7.7,5.55,5.6,52.1,0.2,0.991071429,1.037383178,,,,,1.085859027
8,4_17_2019,75,0,13.6,7.7,5.9,4.75,53.9,-0.05,1.242105263,0.991596639,,,,,0.999929384
8,4_17_2019,8,0.05,14.9,7.7,7.2,6.95,56.2,-0.05,1.035971223,0.993103448,,,,,1.034197383
8,4_17_2019,30,0.05,15.85,7.7,8.15,7.65,58.2,0.2,1.065359477,1.025157233,,,,,1.025157233
8,4_17_2019,34,0.05,15.75,7.7,8.05,7.8,60.8,-0.15,1.032051282,0.981707317,,,,,1.071497621
8,4_17_2019,43,0.05,14.1,7.7,6.4,6.1,51.9,0.2,1.049180328,1.032258065,,,,,1.040582727
8,4_17_2019,53,0.05,12.6,7.75,4.85,5.2,56.4,-0.7,0.932692308,0.873873874,,,,,0.810891973
8,4_17_2019,55,0.05,14.45,7.7,6.75,5.75,60,-0.25,1.173913043,0.964285714,,,,,0.936734693
8,4_17_2019,62,0.05,14.1,7.7,6.4,6.5,54.2,0.1,0.984615385,1.015873016,,,,,1.040060469
8,4_17_2019,65,0.05,13.7,7.7,6,4.85,57.2,-0.4,1.237113402,0.9375,,,,,0.9375
8,4_17_2019,70,0.05,15.15,7.7,7.45,5.9,56.2,-0.05,1.262711864,0.993333333,,,,,0.980088888
8,4_17_2019,74,0.05,14.35,7.7,6.65,5.75,58,0.1,1.156521739,1.015267176,,,,,0.992016783
8,4_17_2019,5,0.15,14.65,7.7,6.95,5.5,53.5,0.15,1.263636364,1.022058824,,,,,1.037089101
8,4_17_2019,6,0.15,15.4,7.7,7.7,6.85,58.2,0.05,1.124087591,1.006535948,,,,,1.059165279
8,4_17_2019,10,0.15,13.8,7.7,6.1,6.35,55.1,-0.1,0.960629921,0.983870968,,,,,1.063215401
8,4_17_2019,25,0.15,13.7,7.7,6,8.15,57.5,-0.4,0.736196319,0.9375,,,,,0.966796875
8,4_17_2019,39,0.15,13,7.7,5.3,5.05,55.8,-0.35,1.04950495,0.938053097,,,,,0.938053097
8,4_17_2019,42,0.15,14.15,7.7,6.45,6.35,58.5,0.05,1.015748031,1.0078125,,,,,1.078674317
8,4_17_2019,63,0.15,14.65,7.75,6.9,6.5,58,0,1.061538462,1,,,,,1.014492753
8,4_17_2019,71,0.15,15,7.7,7.3,4.85,56.8,0.45,1.505154639,1.065693431,,,,,1.003463158
8,4_17_2019,79,0.15,15.35,7.7,7.65,5.9,60,-0.05,1.296610169,0.993506494,,,,,0.993506494
8,4_17_2019,80,0.15,14.3,7.7,6.6,5.95,60,0.35,1.109243697,1.056,,,,,1.056
8,4_17_2019,16,0.45,12.6,7.75,4.85,5.3,53,-0.25,0.91509434,0.950980392,,,,,0.923010381
8,4_17_2019,26,0.45,13.3,7.75,5.55,7.2,61,-0.3,0.770833333,0.948717949,,,,,1.013587552
8,4_17_2019,28,0.45,15.5,7.75,7.75,6.55,59.4,0.3,1.183206107,1.040268456,,,,,1.040268456
8,4_17_2019,32,0.45,16.05,7.7,8.35,8.35,60.6,-0.5,1,0.943502825,,,,,0.954163874
8,4_17_2019,40,0.45,14.55,7.75,6.8,5.8,58.1,-0.05,1.172413793,0.99270073,,,,,0.905748841
8,4_17_2019,44,0.45,14.1,7.7,6.4,6.7,56.7,-0.1,0.955223881,0.984615385,,,,,0.969467456
8,4_17_2019,57,0.45,12.6,7.7,4.9,5.2,56.3,-0.25,0.942307692,0.951456311,,,,,0.99764351
8,4_17_2019,72,0.45,14.2,7.7,6.5,5.1,58.8,0.15,1.274509804,1.023622047,,,,,1.071982144
8,4_17_2019,76,0.45,14.45,7.7,6.75,6.05,53.7,0.15,1.115702479,1.022727273,,,,,1.092458678
8,4_17_2019,81,0.45,14.8,7.7,7.1,4.6,54.2,0,1.543478261,1,,,,,0.971830986
8,4_17_2019,13,1.35,13.55,7.7,5.85,5.5,53.8,-0.25,1.063636364,0.959016393,,,,,0.896130072
8,4_17_2019,22,1.35,15.4,7.7,7.7,7.9,59.7,0,0.974683544,1,,,,,1.025974026
8,4_17_2019,24,1.35,12.65,7.7,4.95,6.4,56.4,-0.15,0.7734375,0.970588235,,,,,0.999134948
8,4_17_2019,27,1.35,NA,NA,NA,6.05,NA,NA,NA,NA,,,,,NA
8,4_17_2019,49,1.35,13.6,7.75,5.85,6.5,58.3,-0.5,0.9,0.921259843,,,,,0.943021886
8,4_17_2019,58,1.35,15.45,7.75,7.7,7.5,60,-0.2,1.026666667,0.974683544,,,,,0.980852427
8,4_17_2019,66,1.35,14,7.8,6.2,5.35,53.2,-0.3,1.158878505,0.953846154,,,,,0.89514793
8,4_17_2019,77,1.35,15.05,7.7,7.35,6.75,57.4,-0.05,1.088888889,0.993243243,,,,,0.939554419
8,4_17_2019,78,1.35,13.8,7.7,6.1,5.5,58.7,-0.05,1.109090909,0.991869919,,,,,0.943486021
8,4_17_2019,82,1.35,14.5,7.7,6.8,5.3,57.7,-0.2,1.283018868,0.971428571,,,,,0.950612245
9,4_24_2019,11,0,11.25,7.75,3.5,5.35,52.6,-0.3,0.654205607,0.921052632,,,,,1.066481994
9,4_24_2019,23,0,17.9,7.7,10.2,8.8,60.3,-0.15,1.159090909,0.985507246,,,,,0.956941819
9,4_24_2019,29,0,14.5,7.7,6.8,5.8,58.4,0.4,1.172413793,1.0625,,,,,1.054199218
9,4_24_2019,33,0,15.05,7.7,7.35,8.2,57.9,0.15,0.896341463,1.020833333,,,,,1.091724537
9,4_24_2019,35,0,13.65,7.75,5.9,6.35,56.8,0.3,0.929133858,1.053571429,,,,,1.138233418
9,4_24_2019,36,0,13.6,7.75,5.85,7.15,56.2,-0.4,0.818181818,0.936,,,,,1.025856
9,4_24_2019,37,0,13.95,7.75,6.2,6.35,56.8,-0.15,0.976377953,0.976377953,,,,,0.999441999
9,4_24_2019,45,0,14.75,7.7,7.05,6.8,55.3,0.4,1.036764706,1.060150376,,,,,1.12391882
9,4_24_2019,50,0,13.15,7.75,5.4,5.6,52.8,-0.15,0.964285714,0.972972973,,,,,0.937910883
9,4_24_2019,75,0,13.95,7.75,6.2,4.75,54,0.3,1.305263158,1.050847458,,,,,1.059752945
9,4_24_2019,8,0.05,14.8,7.75,7.05,6.95,56.7,-0.15,1.014388489,0.979166667,,,,,0.985966436
9,4_24_2019,30,0.05,16,7.8,8.2,7.65,61.1,0.05,1.071895425,1.006134969,,,,,0.98144454
9,4_24_2019,34,0.05,15.7,7.8,7.9,7.8,58,-0.15,1.012820513,0.98136646,,,,,0.999652792
9,4_24_2019,43,0.05,14.3,7.8,6.5,6.1,54.1,0.1,1.06557377,1.015625,,,,,0.983886718
9,4_24_2019,53,0.05,12.5,7.85,4.65,5.2,53.3,-0.2,0.894230769,0.958762887,,,,,1.097141035
9,4_24_2019,55,0.05,14.15,7.85,6.3,5.75,58.7,-0.45,1.095652174,0.933333333,,,,,0.967901235
9,4_24_2019,62,0.05,14,7.85,6.15,6.5,53.7,-0.25,0.946153846,0.9609375,,,,,0.945922851
9,4_24_2019,65,0.05,13.85,7.65,6.2,4.85,55.1,0.2,1.278350515,1.033333333,,,,,1.102222222
9,4_24_2019,70,0.05,14.9,7.65,7.25,5.9,57.6,-0.2,1.228813559,0.973154362,,,,,0.9796856
9,4_24_2019,74,0.05,14.35,7.7,6.65,5.75,59.9,0,1.156521739,1,,,,,0.984962406
9,4_24_2019,5,0.15,14.95,7.7,7.25,5.5,56.7,0.3,1.318181818,1.043165468,,,,,1.020651105
9,4_24_2019,6,0.15,15.85,7.75,8.1,6.85,59.2,0.4,1.182481752,1.051948052,,,,,1.04511722
9,4_24_2019,10,0.15,13.5,7.7,5.8,6.35,55.7,-0.3,0.913385827,0.950819672,,,,,0.966406879
9,4_24_2019,25,0.15,13.55,7.7,5.85,8.15,59.6,-0.15,0.717791411,0.975,,,,,1.04
9,4_24_2019,39,0.15,13.1,7.7,5.4,5.05,54.8,0.1,1.069306931,1.018867925,,,,,1.086151656
9,4_24_2019,42,0.15,14.4,7.7,6.7,6.35,58,0.25,1.05511811,1.03875969,,,,,1.030707289
9,4_24_2019,63,0.15,14.9,7.7,7.2,6.5,58.5,0.3,1.107692308,1.043478261,,,,,1.043478261
9,4_24_2019,71,0.15,14.45,7.75,6.7,4.85,59,-0.6,1.381443299,0.917808219,,,,,0.861231
9,4_24_2019,79,0.15,15.8,7.75,8.05,5.9,60.4,0.4,1.36440678,1.052287582,,,,,1.059165278
9,4_24_2019,80,0.15,14.15,7.25,6.9,5.95,62.3,0.3,1.159663866,1.045454545,,,,,0.990013774
9,4_24_2019,16,0.45,12.5,7.75,4.75,5.3,53.2,-0.1,0.896226415,0.979381443,,,,,1.029865023
9,4_24_2019,26,0.45,12.95,7.75,5.2,7.2,57.9,-0.35,0.722222222,0.936936937,,,,,0.987582177
9,4_24_2019,28,0.45,15.3,7.75,7.55,6.55,62.5,-0.2,1.152671756,0.974193548,,,,,0.93648283
9,4_24_2019,32,0.45,15.8,7.75,8.05,8.35,61.8,-0.3,0.964071856,0.964071856,,,,,1.021800709
9,4_24_2019,40,0.45,14.45,7.75,6.7,5.8,60,-0.1,1.155172414,0.985294118,,,,,0.992538928
9,4_24_2019,44,0.45,13.55,7.7,5.85,6.7,58.6,-0.55,0.873134328,0.9140625,,,,,0.928344726
9,4_24_2019,57,0.45,12.6,7.7,4.9,5.2,56.7,0,0.942307692,1,,,,,1.051020408
9,4_24_2019,72,0.45,14.4,7.75,6.65,5.1,59.4,0.15,1.303921569,1.023076923,,,,,0.999467456
9,4_24_2019,76,0.45,14.05,7.75,6.3,6.05,57.2,-0.45,1.041322314,0.933333333,,,,,0.912592592
9,4_24_2019,81,0.45,14.65,7.75,6.9,4.6,56.5,-0.2,1.5,0.971830986,,,,,0.971830986
9,4_24_2019,13,1.35,13.35,7.8,5.55,5.5,55.9,-0.3,1.009090909,0.948717949,,,,,0.989261452
9,4_24_2019,22,1.35,15.25,7.75,7.5,7.9,59.9,-0.2,0.949367089,0.974025974,,,,,0.974025974
9,4_24_2019,24,1.35,12.5,7.75,4.75,6.4,58.3,-0.2,0.7421875,0.95959596,,,,,0.988674626
9,4_24_2019,27,1.35,NA,NA,NA,6.05,NA,NA,NA,NA,,,,,NA
9,4_24_2019,49,1.35,13.1,7.8,5.3,6.5,57.7,-0.55,0.815384615,0.905982906,,,,,0.983417342
9,4_24_2019,58,1.35,15.25,7.8,7.45,7.5,62.6,-0.25,0.993333333,0.967532468,,,,,0.992663182
9,4_24_2019,66,1.35,13.8,7.8,6,5.35,53.5,-0.2,1.121495327,0.967741935,,,,,1.014568157
9,4_24_2019,77,1.35,14.9,7.75,7.15,6.75,57.1,-0.2,1.059259259,0.972789116,,,,,0.979406729
9,4_24_2019,78,1.35,13.8,7.8,6,5.5,60.5,-0.1,1.090909091,0.983606557,,,,,0.991668906
9,4_24_2019,82,1.35,14.45,7.8,6.65,5.3,57.4,-0.15,1.254716981,0.977941176,,,,,1.006704152
10,5_1_2019,11,0,NA,NA,NA,NA,NA,NA,NA,NA,,NA,NA,NA,NA
10,5_1_2019,23,0,17.45,7.75,9.7,8.8,62.7,-0.5,1.102272727,0.950980392,,2,4,0.5,0.964965398
10,5_1_2019,29,0,14.3,7.75,6.55,5.8,57.5,-0.25,1.129310345,0.963235294,,3,4,0.75,0.906574394
10,5_1_2019,33,0,14.85,7.75,7.1,8.2,57.2,-0.25,0.865853659,0.965986395,,3,4,0.75,0.946272387
10,5_1_2019,35,0,13.45,7.75,5.7,6.35,56.9,-0.2,0.897637795,0.966101695,,3,4,0.75,0.91697788
10,5_1_2019,36,0,13.3,7.75,5.55,7.15,57.2,-0.3,0.776223776,0.948717949,,1,4,0.25,1.013587552
10,5_1_2019,37,0,14.25,7.75,6.5,6.35,57.2,0.3,1.023622047,1.048387097,,2,4,0.5,1.073751301
10,5_1_2019,45,0,14.15,7.75,6.4,6.8,57.9,-0.65,0.941176471,0.907801418,,4,4,1,0.856294955
10,5_1_2019,50,0,13.25,7.75,5.5,5.6,54,0.1,0.982142857,1.018518519,,2,4,0.5,1.0468107
10,5_1_2019,75,0,13.65,7.75,5.9,4.75,57.1,-0.3,1.242105263,0.951612903,,3,4,0.75,0.905567117
10,5_1_2019,8,0.05,14.4,7.75,6.65,6.95,57.7,-0.4,0.956834532,0.943262411,,2,4,0.5,0.963331824
10,5_1_2019,30,0.05,15.6,7.75,7.85,7.65,60.8,-0.35,1.026143791,0.957317073,,3,4,0.75,0.951479774
10,5_1_2019,34,0.05,15.3,7.75,7.55,7.8,59.8,-0.35,0.967948718,0.955696203,,3,4,0.75,0.973842333
10,5_1_2019,43,0.05,14.1,7.75,6.35,6.1,54.8,-0.15,1.040983607,0.976923077,,4,4,1,0.961893491
10,5_1_2019,53,0.05,11.9,7.75,4.15,5.2,56.2,-0.5,0.798076923,0.892473118,,0,6,0,0.930859058
10,5_1_2019,55,0.05,13.2,7.75,5.45,5.75,58.6,-0.85,0.947826087,0.865079365,,5,6,0.833333333,0.926870749
10,5_1_2019,62,0.05,13.95,7.75,6.2,6.5,58.2,0.05,0.953846154,1.008130081,,4,4,1,1.049110979
10,5_1_2019,65,0.05,13.95,7.75,6.2,4.85,58,0,1.278350515,1,,3,4,0.75,0.967741936
10,5_1_2019,70,0.05,15,7.75,7.25,5.9,59.5,0,1.228813559,1,,2,4,0.5,1.027586207
10,5_1_2019,74,0.05,14.05,7.75,6.3,5.75,54.7,-0.35,1.095652174,0.947368421,,2,4,0.5,0.947368421
10,5_1_2019,5,0.15,14.45,7.75,6.7,5.5,55.1,-0.55,1.218181818,0.924137931,,2,4,0.5,0.88589774
10,5_1_2019,6,0.15,15.25,7.75,7.5,6.85,59.1,-0.6,1.094890511,0.925925926,,3,4,0.75,0.880201189
10,5_1_2019,10,0.15,13.4,7.75,5.65,6.35,53.7,-0.15,0.88976378,0.974137931,,1,4,0.25,1.024524376
10,5_1_2019,25,0.15,13.1,7.8,5.3,8.15,58.1,-0.55,0.650306748,0.905982906,,1,4,0.25,0.929213237
10,5_1_2019,39,0.15,13.05,7.75,5.3,5.05,55.4,-0.1,1.04950495,0.981481481,,1,4,0.25,0.963305898
10,5_1_2019,42,0.15,13.65,7.75,5.9,6.35,55,-0.8,0.929133858,0.880597015,,4,4,1,0.847738917
10,5_1_2019,63,0.15,14.5,7.75,6.75,6.5,59.3,-0.45,1.038461538,0.9375,,3,4,0.75,0.8984375
10,5_1_2019,71,0.15,14.6,7.75,6.85,4.85,56.6,0.15,1.412371134,1.02238806,,4,4,1,1.1139452
10,5_1_2019,79,0.15,15.7,7.75,7.95,5.9,58.1,-0.1,1.347457627,0.98757764,,2,4,0.5,0.938505459
10,5_1_2019,80,0.15,14,7.75,6.25,5.95,61.7,-0.65,1.050420168,0.905797101,,3,4,0.75,0.866414619
10,5_1_2019,16,0.45,12.7,7.75,4.95,5.3,54.7,0.2,0.933962264,1.042105263,,2,4,0.5,1.064044321
10,5_1_2019,26,0.45,12.45,7.75,4.7,7.2,57,-0.5,0.652777778,0.903846154,,2,4,0.5,0.964681953
10,5_1_2019,28,0.45,14.65,7.75,6.9,6.55,60.5,-0.65,1.053435115,0.913907285,,4,4,1,0.93811675
10,5_1_2019,32,0.45,16,7.75,8.25,8.35,63.3,0.2,0.988023952,1.02484472,,4,4,1,1.063037691
10,5_1_2019,40,0.45,14.1,7.75,6.35,5.8,58.9,-0.35,1.094827586,0.947761194,,3,4,0.75,0.961906883
10,5_1_2019,44,0.45,13.75,7.75,6,6.7,58.6,0.15,0.895522388,1.025641026,,3,6,0.5,1.122068815
10,5_1_2019,57,0.45,12.4,7.75,4.65,5.2,55,-0.25,0.894230769,0.948979592,,1,4,0.25,0.948979592
10,5_1_2019,72,0.45,14.5,7.75,6.75,5.1,59.9,0.1,1.323529412,1.015037594,,4,4,1,0.992142009
10,5_1_2019,76,0.45,14.05,7.75,6.3,6.05,57.6,0,1.041322314,1,,3,4,0.75,1.071428572
10,5_1_2019,81,0.45,14.35,7.75,6.6,4.6,55.8,-0.3,1.434782609,0.956521739,,2,4,0.5,0.984247007
10,5_1_2019,13,1.35,13.2,7.75,5.45,5.5,55.1,-0.1,0.990909091,0.981981982,,2,4,0.5,1.035062089
10,5_1_2019,22,1.35,14.7,7.75,6.95,7.9,61.8,-0.55,0.879746835,0.926666667,,2,4,0.5,0.951377778
10,5_1_2019,24,1.35,11.95,7.75,4.2,6.4,57,-0.55,0.65625,0.884210526,,1,4,0.25,0.921440442
10,5_1_2019,27,1.35,NA,NA,NA,NA,NA,NA,NA,NA,,NA,NA,NA,NA
10,5_1_2019,49,1.35,12.85,7.75,5.1,6.5,57.2,-0.2,0.784615385,0.962264151,,6,6,1,1.062121752
10,5_1_2019,58,1.35,15.1,7.75,7.35,7.5,60.9,-0.1,0.98,0.986577181,,1,4,0.25,1.019683797
10,5_1_2019,66,1.35,13.45,7.75,5.7,5.35,55.2,-0.3,1.065420561,0.95,,4,4,1,0.981666667
10,5_1_2019,77,1.35,14.7,7.8,6.9,6.75,57.3,-0.25,1.022222222,0.965034965,,4,4,1,0.99202895
10,5_1_2019,78,1.35,13.35,7.7,5.65,5.5,60.7,-0.35,1.027272727,0.941666667,,3,4,0.75,0.957361112
10,5_1_2019,82,1.35,14.15,7.7,6.45,5.3,56.9,-0.2,1.216981132,0.969924812,,2,4,0.5,0.991802816
10.85714286,5_7_2019,11,0,NA,NA,NA,NA,NA,NA,NA,NA,,NA,NA,NA,NA
10.85714286,5_7_2019,23,0,17.95,7.75,10.2,8.8,62.4,0.5,1.159090909,1.051546392,,5,6,0.833333333,1.105749814
10.85714286,5_7_2019,29,0,14.1,7.75,6.35,5.8,58.9,-0.2,1.094827586,0.969465649,,4,6,0.666666667,1.006468155
10.85714286,5_7_2019,33,0,15.25,7.75,7.5,8.2,60.7,0.4,0.914634146,1.056338028,,3,6,0.5,1.093533029
10.85714286,5_7_2019,35,0,13.35,7.75,5.6,6.35,56.6,-0.1,0.881889764,0.98245614,,0,6,0,1.016928286
10.85714286,5_7_2019,36,0,13.2,7.75,5.45,7.15,57.4,-0.1,0.762237762,0.981981982,,2,6,0.333333333,1.035062089
10.85714286,5_7_2019,37,0,13.95,7.75,6.2,6.35,57.2,-0.3,0.976377953,0.953846154,,5,6,0.833333333,0.909822485
10.85714286,5_7_2019,45,0,14.5,7.75,6.75,6.8,58.1,0.35,0.992647059,1.0546875,,5,6,0.833333333,1.1618042
10.85714286,5_7_2019,50,0,13.1,7.75,5.35,5.6,51.5,-0.15,0.955357143,0.972727273,,3,6,0.5,0.955041322
10.85714286,5_7_2019,75,0,13.75,7.75,6,4.75,53.9,0.1,1.263157895,1.016949153,,4,6,0.666666667,1.068658432
10.85714286,5_7_2019,8,0.05,14.2,7.75,6.45,6.95,55.7,-0.2,0.928057554,0.969924812,,3,6,0.5,1.028266154
10.85714286,5_7_2019,30,0.05,15.25,7.7,7.55,7.65,61,-0.3,0.986928105,0.961783439,,3,6,0.5,1.004665504
10.85714286,5_7_2019,34,0.05,15.4,7.75,7.65,7.8,59.5,0.1,0.980769231,1.013245033,,3,6,0.5,1.060216657
10.85714286,5_7_2019,43,0.05,14.35,7.75,6.6,6.1,54.7,0.25,1.081967213,1.039370079,,3,6,0.5,1.063922128
10.85714286,5_7_2019,53,0.05,11.8,7.75,4.05,5.2,55.7,-0.1,0.778846154,0.975903614,,4,9,0.444444444,1.093482364
10.85714286,5_7_2019,55,0.05,13.45,7.7,5.75,5.75,60,0.3,1,1.055045872,,3,9,0.333333333,1.21959431
10.85714286,5_7_2019,62,0.05,13.75,7.75,6,6.5,54.4,-0.2,0.923076923,0.967741935,,3,6,0.5,0.959937565
10.85714286,5_7_2019,65,0.05,13.8,7.75,6.05,4.85,57.3,-0.15,1.24742268,0.975806452,,2,6,0.333333333,0.975806452
10.85714286,5_7_2019,70,0.05,15.3,7.75,7.55,5.9,60.1,0.3,1.279661017,1.04137931,,2,6,0.333333333,1.04137931
10.85714286,5_7_2019,74,0.05,14.4,7.75,6.65,5.75,58,0.35,1.156521739,1.055555556,,0,6,0,1.114197531
10.85714286,5_7_2019,5,0.15,14.45,7.75,6.7,5.5,54.9,0,1.218181818,1,,3,6,0.5,1.082089552
10.85714286,5_7_2019,6,0.15,15.65,7.75,7.9,6.85,58.2,0.4,1.153284672,1.053333333,,2,6,0.333333333,1.1376
10.85714286,5_7_2019,10,0.15,13.2,7.75,5.45,6.35,55.3,-0.2,0.858267717,0.96460177,,2,6,0.333333333,0.990210666
10.85714286,5_7_2019,25,0.15,13.1,7.75,5.35,8.15,57.4,0.05,0.656441718,1.009433962,,2,6,0.333333333,1.114186543
10.85714286,5_7_2019,39,0.15,12.9,7.75,5.15,5.05,51.6,-0.15,1.01980198,0.971698113,,2,6,0.333333333,0.99003204
10.85714286,5_7_2019,42,0.15,14,7.75,6.25,6.35,55.8,0.35,0.984251969,1.059322034,,4,6,0.666666667,1.20295892
10.85714286,5_7_2019,63,0.15,14.8,7.75,7.05,6.5,59,0.3,1.084615385,1.044444444,,1,6,0.166666667,1.114074074
10.85714286,5_7_2019,71,0.15,15.3,7.75,7.55,4.85,57.4,0.7,1.556701031,1.102189781,,5,6,0.833333333,1.078054238
10.85714286,5_7_2019,79,0.15,16.1,7.75,8.35,5.9,60.8,0.4,1.415254237,1.050314465,,3,6,0.5,1.063525968
10.85714286,5_7_2019,80,0.15,14.05,7.75,6.3,5.95,60.5,0.05,1.058823529,1.008,,2,6,0.333333333,1.112832001
10.85714286,5_7_2019,16,0.45,12.6,7.75,4.85,5.3,55.3,-0.1,0.91509434,0.97979798,,2,6,0.333333333,0.940210183
10.85714286,5_7_2019,26,0.45,12.35,7.75,4.6,7.2,59.4,-0.1,0.638888889,0.978723404,,2,6,0.333333333,1.082842915
10.85714286,5_7_2019,28,0.45,15,7.75,7.25,6.55,60.5,0.35,1.106870229,1.050724638,,3,6,0.5,1.149705944
10.85714286,5_7_2019,32,0.45,15.6,7.75,7.85,8.35,60.3,-0.4,0.94011976,0.951515152,,2,6,0.333333333,0.928448118
10.85714286,5_7_2019,40,0.45,13.9,7.75,6.15,5.8,55.7,-0.2,1.060344828,0.968503937,,2,6,0.333333333,1.021886044
10.85714286,5_7_2019,44,0.45,14.1,7.75,6.35,6.7,59.8,0.35,0.947761194,1.058333333,,5,9,0.555555556,1.031875
10.85714286,5_7_2019,57,0.45,12.45,7.75,4.7,5.2,55.4,0.05,0.903846154,1.010752688,,3,6,0.5,1.06509423
10.85714286,5_7_2019,72,0.45,14.7,7.75,6.95,5.1,60.2,0.2,1.362745098,1.02962963,,5,6,0.833333333,1.014375857
10.85714286,5_7_2019,76,0.45,14.05,7.75,6.3,6.05,58.5,0,1.041322314,1,,3,6,0.5,1
10.85714286,5_7_2019,81,0.45,14.25,7.75,6.5,4.6,55.9,-0.1,1.413043478,0.984848485,,4,6,0.666666667,1.029614325
10.85714286,5_7_2019,13,1.35,13.35,7.75,5.6,5.5,52.6,0.15,1.018181818,1.027522936,,3,6,0.5,1.046376568
10.85714286,5_7_2019,22,1.35,15.1,7.75,7.35,7.9,61.3,0.4,0.930379747,1.057553957,,2,6,0.333333333,1.141245277
10.85714286,5_7_2019,24,1.35,12.1,7.7,4.4,6.4,56.4,0.2,0.6875,1.047619048,,2,6,0.333333333,1.184807257
10.85714286,5_7_2019,27,1.35,NA,NA,NA,NA,NA,NA,NA,NA,,,,,
10.85714286,5_7_2019,49,1.35,12.65,7.75,4.9,6.5,59.3,-0.2,0.753846154,0.960784314,,2,9,0.222222222,0.99846213
10.85714286,5_7_2019,58,1.35,14.95,7.75,7.2,7.5,61,-0.15,0.96,0.979591837,,2,6,0.333333333,0.992919617
10.85714286,5_7_2019,66,1.35,13.45,7.75,5.7,5.35,55.7,0,1.065420561,1,,1,6,0.166666667,1.052631579
10.85714286,5_7_2019,77,1.35,14.65,7.75,6.9,6.75,57.6,0,1.022222222,1,,6,6,1,1.036231884
10.85714286,5_7_2019,78,1.35,13.3,7.75,5.55,5.5,62,-0.1,1.009090909,0.982300885,,3,6,0.5,1.043151382
10.85714286,5_7_2019,82,1.35,14.75,7.75,7,5.3,56.6,0.55,1.320754717,1.085271318,,3,6,0.5,1.118923142
11,5_8_2019,11,0,NA,NA,NA,NA,NA,NA,NA,NA,,,,,
11,5_8_2019,75,0,13.8,7.75,6.05,4.75,57.5,0.05,1.273684211,1.008333333,,,,,
11,5_8_2019,23,0,17.65,7.75,9.9,8.8,63.1,-0.3,1.125,0.970588235,,,,,
11,5_8_2019,29,0,14.35,7.75,6.6,5.8,57.8,0.25,1.137931034,1.039370079,,,,,
11,5_8_2019,33,0,15,7.75,7.25,8.2,58.9,-0.25,0.884146341,0.966666667,,,,,
11,5_8_2019,35,0,13.25,7.75,5.5,6.35,56.9,-0.1,0.866141732,0.982142857,,,,,
11,5_8_2019,36,0,13.2,7.75,5.45,7.15,56,0,0.762237762,1,,,,,
11,5_8_2019,37,0,13.8,7.75,6.05,6.35,55.4,-0.15,0.952755906,0.975806452,,,,,
11,5_8_2019,45,0,14.3,7.75,6.55,6.8,56.7,-0.2,0.963235294,0.97037037,,,,,
11,5_8_2019,50,0,13.25,7.75,5.5,5.6,55.6,0.15,0.982142857,1.028037383,,,,,
11,5_8_2019,8,0.05,14.25,7.8,6.45,6.95,54.4,0,0.928057554,1,,,,,
11,5_8_2019,30,0.05,15.25,7.75,7.5,7.65,60.5,-0.05,0.980392157,0.993377483,,,,,
11,5_8_2019,34,0.05,15.65,7.75,7.9,7.8,59.4,0.25,1.012820513,1.032679739,,,,,
11,5_8_2019,43,0.05,14.2,7.75,6.45,6.1,52.8,-0.15,1.057377049,0.977272727,,,,,
11,5_8_2019,53,0.05,11.7,7.75,3.95,5.2,51.7,-0.1,0.759615385,0.975308642,,,,,
11,5_8_2019,55,0.05,13.3,7.75,5.55,5.75,57.1,-0.2,0.965217391,0.965217391,,,,,
11,5_8_2019,62,0.05,13.8,7.75,6.05,6.5,57.7,0.05,0.930769231,1.008333333,,,,,
11,5_8_2019,65,0.05,14.15,7.75,6.4,4.85,56.7,0.35,1.319587629,1.05785124,,,,,
11,5_8_2019,70,0.05,15.1,7.75,7.35,5.9,58.7,-0.2,1.245762712,0.973509934,,,,,
11,5_8_2019,74,0.05,14.3,7.75,6.55,5.75,59.3,-0.1,1.139130435,0.984962406,,,,,
11,5_8_2019,5,0.15,14.35,7.75,6.6,5.5,55.7,-0.1,1.2,0.985074627,,,,,
11,5_8_2019,6,0.15,15.7,7.7,8,6.85,59.4,0.1,1.167883212,1.012658228,,,,,
11,5_8_2019,10,0.15,13.3,7.7,5.6,6.35,55.7,0.15,0.881889764,1.027522936,,,,,
11,5_8_2019,25,0.15,13.05,7.75,5.3,8.15,60,-0.05,0.650306748,0.990654206,,,,,
11,5_8_2019,39,0.15,13.1,7.75,5.35,5.05,54.5,0.2,1.059405941,1.038834951,,,,,
11,5_8_2019,42,0.15,14.1,7.75,6.35,6.35,57.2,0.1,1,1.016,,,,,
11,5_8_2019,63,0.15,14.8,7.75,7.05,6.5,58.2,0,1.084615385,1,,,,,
11,5_8_2019,71,0.15,15.2,7.75,7.45,4.85,58.2,-0.1,1.536082474,0.986754967,,,,,
11,5_8_2019,79,0.15,15.8,7.75,8.05,5.9,60.2,-0.3,1.36440678,0.964071856,,,,,
11,5_8_2019,80,0.15,13.95,7.75,6.2,5.95,60.5,-0.1,1.042016807,0.984126984,,,,,
11,5_8_2019,16,0.45,12.55,7.75,4.8,5.3,53,-0.05,0.905660377,0.989690722,,,,,
11,5_8_2019,26,0.45,12.4,7.75,4.65,7.2,58.9,0.05,0.645833333,1.010869565,,,,,
11,5_8_2019,28,0.45,14.8,7.75,7.05,6.55,59.1,-0.2,1.076335878,0.972413793,,,,,
11,5_8_2019,32,0.45,15.55,7.75,7.8,8.35,60.1,-0.05,0.934131737,0.993630573,,,,,
11,5_8_2019,40,0.45,14.25,7.75,6.5,5.8,59.2,0.35,1.120689655,1.056910569,,,,,
11,5_8_2019,44,0.45,13.85,7.75,6.1,6.7,58.5,-0.25,0.910447761,0.960629921,,,,,
11,5_8_2019,57,0.45,12.35,7.75,4.6,5.2,56.1,-0.1,0.884615385,0.978723404,,,,,
11,5_8_2019,72,0.45,14.4,7.75,6.65,5.1,60,-0.3,1.303921569,0.956834532,,,,,
11,5_8_2019,76,0.45,13.9,7.75,6.15,6.05,57.6,-0.15,1.016528926,0.976190476,,,,,
11,5_8_2019,81,0.45,14.25,7.75,6.5,4.6,57.9,0,1.413043478,1,,,,,
11,5_8_2019,13,1.35,13.3,7.75,5.55,5.5,54.5,-0.05,1.009090909,0.991071429,,,,,
11,5_8_2019,22,1.35,14.95,7.75,7.2,7.9,62.7,-0.15,0.911392405,0.979591837,,,,,
11,5_8_2019,24,1.35,11.9,7.75,4.15,6.4,58.1,-0.25,0.6484375,0.943181818,,,,,
11,5_8_2019,27,1.35,NA,NA,NA,NA,NA,NA,NA,NA,,,,,
11,5_8_2019,49,1.35,12.6,7.75,4.85,6.5,57.9,-0.05,0.746153846,0.989795918,,,,,
11,5_8_2019,58,1.35,14.95,7.75,7.2,7.5,60.7,0,0.96,1,,,,,
11,5_8_2019,66,1.35,13.3,7.75,5.55,5.35,54.7,-0.15,1.037383178,0.973684211,,,,,
11,5_8_2019,77,1.35,14.5,7.75,6.75,6.75,57.7,-0.15,1,0.97826087,,,,,
11,5_8_2019,78,1.35,13.3,7.75,5.55,5.5,59.7,0,1.009090909,1,,,,,
11,5_8_2019,82,1.35,14.55,7.75,6.8,5.3,58.7,-0.2,1.283018868,0.971428571,,,,,
12,5_15_2019,11,0,NA,NA,NA,NA,NA,NA,NA,NA,,,,,
12,5_15_2019,75,0,14.1,7.7,6.4,4.75,59.2,0.35,1.347368421,1.05785124,,,,,
12,5_15_2019,23,0,17.45,7.7,9.75,8.8,63.2,-0.15,1.107954545,0.984848485,,,,,
12,5_15_2019,29,0,14.2,7.7,6.5,5.8,59.6,-0.1,1.120689655,0.984848485,,,,,
12,5_15_2019,33,0,15.05,7.75,7.3,8.2,58.8,0.05,0.890243902,1.006896552,,,,,
12,5_15_2019,35,0,13.7,7.7,6,6.35,56.2,0.5,0.94488189,1.090909091,,,,,
12,5_15_2019,36,0,12.9,7.7,5.2,7.15,58.2,-0.25,0.727272727,0.95412844,,,,,
12,5_15_2019,37,0,14.05,7.75,6.3,6.35,59.7,0.25,0.992125984,1.041322314,,,,,
12,5_15_2019,45,0,14.5,7.7,6.8,6.8,55.5,0.25,1,1.038167939,,,,,
12,5_15_2019,50,0,13.15,7.75,5.4,5.6,59.9,-0.1,0.964285714,0.981818182,,,,,
12,5_15_2019,8,0.05,14.8,7.7,7.1,6.95,57.1,0.65,1.021582734,1.100775194,,,,,
12,5_15_2019,30,0.05,15.9,7.7,8.2,7.65,64.3,0.7,1.071895425,1.093333333,,,,,
12,5_15_2019,34,0.05,15.6,7.75,7.85,7.8,62.8,-0.05,1.006410256,0.993670886,,,,,
12,5_15_2019,43,0.05,14.8,7.75,7.05,6.1,60.1,0.6,1.155737705,1.093023256,,,,,
12,5_15_2019,53,0.05,11.65,7.8,3.85,5.2,58.1,-0.1,0.740384615,0.974683544,,,,,
12,5_15_2019,55,0.05,12.8,7.75,5.05,5.75,59.6,-0.5,0.87826087,0.90990991,,,,,
12,5_15_2019,62,0.05,14.1,7.75,6.35,6.5,57.1,0.3,0.976923077,1.049586777,,,,,
12,5_15_2019,65,0.05,13.85,7.75,6.1,4.85,57,-0.3,1.257731959,0.953125,,,,,
12,5_15_2019,70,0.05,14.75,7.8,6.95,5.9,57.8,-0.4,1.177966102,0.945578231,,,,,
12,5_15_2019,74,0.05,14.5,7.75,6.75,5.75,60.9,0.2,1.173913043,1.030534351,,,,,
12,5_15_2019,5,0.15,14.8,7.8,7,5.5,60.2,0.4,1.272727273,1.060606061,,,,,
12,5_15_2019,6,0.15,16,7.8,8.2,6.85,59.4,0.2,1.197080292,1.025,,,,,
12,5_15_2019,10,0.15,13.65,7.75,5.9,6.35,60.1,0.3,0.929133858,1.053571429,,,,,
12,5_15_2019,25,0.15,13.15,7.8,5.35,8.15,64.3,0.05,0.656441718,1.009433962,,,,,
12,5_15_2019,39,0.15,13.3,7.8,5.5,5.05,56.5,0.15,1.089108911,1.028037383,,,,,
12,5_15_2019,42,0.15,14,7.8,6.2,6.35,59.8,-0.15,0.976377953,0.976377953,,,,,
12,5_15_2019,63,0.15,14.9,7.75,7.15,6.5,59.8,0.1,1.1,1.014184397,,,,,
12,5_15_2019,71,0.15,15.3,7.75,7.55,4.85,58.2,0.1,1.556701031,1.013422819,,,,,
12,5_15_2019,79,0.15,15.75,7.75,8,5.9,58.1,-0.05,1.355932203,0.99378882,,,,,
12,5_15_2019,80,0.15,13.7,7.75,5.95,5.95,60.4,-0.25,1,0.959677419,,,,,
12,5_15_2019,16,0.45,12.95,7.75,5.2,5.3,59.5,0.4,0.981132075,1.083333333,,,,,
12,5_15_2019,26,0.45,12,7.75,4.25,7.2,59.4,-0.4,0.590277778,0.913978495,,,,,
12,5_15_2019,28,0.45,15,7.75,7.25,6.55,64.4,0.2,1.106870229,1.028368794,,,,,
12,5_15_2019,32,0.45,15.75,7.75,8,8.35,58.1,0.2,0.958083832,1.025641026,,,,,
12,5_15_2019,40,0.45,14.35,7.8,6.55,5.8,59.1,0.05,1.129310345,1.007692308,,,,,
12,5_15_2019,44,0.45,14.1,7.75,6.35,6.7,58.1,0.25,0.947761194,1.040983607,,,,,
12,5_15_2019,57,0.45,12.65,7.75,4.9,5.2,56.4,0.3,0.942307692,1.065217391,,,,,
12,5_15_2019,72,0.45,14.45,7.7,6.75,5.1,61.1,0.1,1.323529412,1.015037594,,,,,
12,5_15_2019,76,0.45,14.35,7.7,6.65,6.05,57.6,0.5,1.099173554,1.081300813,,,,,
12,5_15_2019,81,0.45,14.65,7.7,6.95,4.6,57.3,0.45,1.510869565,1.069230769,,,,,
12,5_15_2019,13,1.35,13.85,7.75,6.1,5.5,54.5,0.55,1.109090909,1.099099099,,,,,
12,5_15_2019,22,1.35,14.75,7.75,7,7.9,62.7,-0.2,0.886075949,0.972222222,,,,,
12,5_15_2019,24,1.35,12.25,7.75,4.5,6.4,58.1,0.35,0.703125,1.084337349,,,,,
12,5_15_2019,27,1.35,NA,NA,NA,NA,NA,NA,NA,NA,,,,,
12,5_15_2019,49,1.35,12.35,7.75,4.6,6.5,57.9,-0.25,0.707692308,0.948453608,,,,,
12,5_15_2019,58,1.35,15.5,7.75,7.75,7.5,60.7,0.55,1.033333333,1.076388889,,,,,
12,5_15_2019,66,1.35,13.75,7.75,6,5.35,56.2,0.45,1.121495327,1.081081081,,,,,
12,5_15_2019,77,1.35,14.65,7.75,6.9,6.75,57.6,0.15,1.022222222,1.022222222,,,,,
12,5_15_2019,78,1.35,13.8,7.8,6,5.5,62,0.45,1.090909091,1.081081081,,,,,
12,5_15_2019,82,1.35,14.55,7.8,6.75,5.3,56.6,-0.05,1.273584906,0.992647059,,,,,
13,5_22_2019,11,0,NA,NA,NA,NA,NA,NA,NA,NA,,,,,
13,5_22_2019,75,0,14.3,7.75,6.55,4.75,55.6,0.15,1.378947368,1.0234375,,,,,
13,5_22_2019,23,0,17.6,7.75,9.85,8.8,61.6,0.1,1.119318182,1.01025641,,,,,
13,5_22_2019,29,0,14.7,7.7,7,5.8,60.6,0.5,1.206896552,1.076923077,,,,,
13,5_22_2019,33,0,15.35,7.75,7.6,8.2,61.4,0.3,0.926829268,1.04109589,,,,,
13,5_22_2019,35,0,13.55,7.75,5.8,6.35,58.6,-0.2,0.913385827,0.966666667,,,,,
13,5_22_2019,36,0,12.5,7.75,4.75,7.15,56.8,-0.45,0.664335664,0.913461538,,,,,
13,5_22_2019,37,0,14.05,7.75,6.3,6.35,57.8,0,0.992125984,1,,,,,
13,5_22_2019,45,0,14.45,7.75,6.7,6.8,57.9,-0.1,0.985294118,0.985294118,,,,,
13,5_22_2019,50,0,13.25,7.7,5.55,5.6,55,0.15,0.991071429,1.027777778,,,,,
13,5_22_2019,8,0.05,14.35,7.7,6.65,6.95,57,-0.45,0.956834532,0.936619718,,,,,
13,5_22_2019,30,0.05,16.45,7.75,8.7,7.65,64.1,0.5,1.137254902,1.06097561,,,,,
13,5_22_2019,34,0.05,15.1,7.7,7.4,7.8,59.9,-0.45,0.948717949,0.942675159,,,,,
13,5_22_2019,43,0.05,14.5,7.75,6.75,6.1,56.8,-0.3,1.106557377,0.957446809,,,,,
13,5_22_2019,53,0.05,10.9,7.75,3.15,5.2,53.2,-0.7,0.605769231,0.818181818,,,,,
13,5_22_2019,55,0.05,11.8,7.75,4.05,5.75,57.5,-1,0.704347826,0.801980198,,,,,
13,5_22_2019,62,0.05,14,7.75,6.25,6.5,57.5,-0.1,0.961538462,0.984251969,,,,,
13,5_22_2019,65,0.05,14.05,7.75,6.3,4.85,61,0.2,1.298969072,1.032786885,,,,,
13,5_22_2019,70,0.05,14.5,7.75,6.75,5.9,61.1,-0.2,1.144067797,0.971223022,,,,,
13,5_22_2019,74,0.05,14.7,7.75,6.95,5.75,59.4,0.2,1.208695652,1.02962963,,,,,
13,5_22_2019,5,0.15,14.6,7.75,6.85,5.5,56.5,-0.15,1.245454545,0.978571429,,,,,
13,5_22_2019,6,0.15,15.7,7.75,7.95,6.85,62,-0.25,1.160583942,0.969512195,,,,,
13,5_22_2019,10,0.15,13.05,7.7,5.35,6.35,55.5,-0.55,0.842519685,0.906779661,,,,,
13,5_22_2019,25,0.15,13.05,7.75,5.3,8.15,60.1,-0.05,0.650306748,0.990654206,,,,,
13,5_22_2019,39,0.15,13.3,7.75,5.55,5.05,56.2,0.05,1.099009901,1.009090909,,,,,
13,5_22_2019,42,0.15,13.7,7.75,5.95,6.35,59.2,-0.25,0.937007874,0.959677419,,,,,
13,5_22_2019,63,0.15,14.8,7.7,7.1,6.5,55.8,-0.05,1.092307692,0.993006993,,,,,
13,5_22_2019,71,0.15,15.75,7.75,8,4.85,59.6,0.45,1.649484536,1.059602649,,,,,
13,5_22_2019,79,0.15,15.9,7.75,8.15,5.9,62.4,0.15,1.381355932,1.01875,,,,,
13,5_22_2019,80,0.15,13.65,7.75,5.9,5.95,65.4,-0.05,0.991596639,0.991596639,,,,,
13,5_22_2019,16,0.45,13.15,7.75,5.4,5.3,54.1,0.2,1.018867925,1.038461538,,,,,
13,5_22_2019,26,0.45,11.8,7.75,4.05,7.2,60.2,-0.2,0.5625,0.952941176,,,,,
13,5_22_2019,28,0.45,14.9,7.75,7.15,6.55,62,-0.1,1.091603053,0.986206897,,,,,
13,5_22_2019,32,0.45,16.05,7.8,8.25,8.35,60.4,0.25,0.988023952,1.03125,,,,,
13,5_22_2019,40,0.45,14.35,7.8,6.55,5.8,58.5,0,1.129310345,1,,,,,
13,5_22_2019,44,0.45,14.1,7.8,6.3,6.7,58.3,-0.05,0.940298507,0.992125984,,,,,
13,5_22_2019,57,0.45,12.8,7.8,5,5.2,58,0.1,0.961538462,1.020408163,,,,,
13,5_22_2019,72,0.45,14.5,7.75,6.75,5.1,60.4,0,1.323529412,1,,,,,
13,5_22_2019,76,0.45,14.15,7.75,6.4,6.05,58.2,-0.25,1.05785124,0.962406015,,,,,
13,5_22_2019,81,0.45,14.5,7.75,6.75,4.6,55.8,-0.2,1.467391304,0.971223022,,,,,
13,5_22_2019,13,1.35,13,7.75,5.25,5.5,54.5,-0.85,0.954545455,0.860655738,,,,,
13,5_22_2019,22,1.35,14.6,7.8,6.8,7.9,58.6,-0.2,0.860759494,0.971428571,,,,,
13,5_22_2019,24,1.35,12.4,7.75,4.65,6.4,57.5,0.15,0.7265625,1.033333333,,,,,
13,5_22_2019,27,1.35,NA,NA,NA,NA,,NA,NA,NA,,,,,
13,5_22_2019,49,1.35,11.95,7.75,4.2,6.5,59.2,-0.4,0.646153846,0.913043478,,,,,
13,5_22_2019,58,1.35,15.65,7.8,7.85,7.5,62.3,0.1,1.046666667,1.012903226,,,,,
13,5_22_2019,66,1.35,13.65,7.75,5.9,5.35,56.8,-0.1,1.102803738,0.983333333,,,,,
13,5_22_2019,77,1.35,14.5,7.75,6.75,6.75,58.7,-0.15,1,0.97826087,,,,,
13,5_22_2019,78,1.35,13.7,7.75,5.95,5.5,61,-0.05,1.081818182,0.991666667,,,,,
13,5_22_2019,82,1.35,14.5,7.75,6.75,5.3,57.8,0,1.273584906,1,,,,,
13.28571429,5_24_2019,11,0,NA,NA,NA,NA,NA,NA,NA,NA,,,,,
13.28571429,5_24_2019,75,0,13.85,7.75,6.1,4.75,58.4,-0.45,1.284210526,0.93129771,,,,,
13.28571429,5_24_2019,23,0,17.55,7.75,9.8,8.8,62,-0.05,1.113636364,0.994923858,,,,,
13.28571429,5_24_2019,29,0,14.55,7.75,6.8,5.8,57.2,-0.2,1.172413793,0.971428571,,,,,
13.28571429,5_24_2019,33,0,14.9,7.75,7.15,8.2,59.5,-0.45,0.87195122,0.940789474,,,,,
13.28571429,5_24_2019,35,0,13.15,7.75,5.4,6.35,57.6,-0.4,0.850393701,0.931034483,,,,,
13.28571429,5_24_2019,36,0,12.7,7.75,4.95,7.15,57.2,0.2,0.692307692,1.042105263,,,,,
13.28571429,5_24_2019,37,0,14.35,7.75,6.6,6.35,57.4,0.3,1.039370079,1.047619048,,,,,
13.28571429,5_24_2019,45,0,14.45,7.75,6.7,6.8,58.8,0,0.985294118,1,,,,,
13.28571429,5_24_2019,50,0,13.25,7.75,5.5,5.6,56.4,-0.05,0.982142857,0.990990991,,,,,
13.28571429,5_24_2019,8,0.05,14.25,7.75,6.5,6.95,56.2,-0.15,0.935251799,0.977443609,,,,,
13.28571429,5_24_2019,30,0.05,16.2,7.75,8.45,7.65,62.9,-0.25,1.104575163,0.971264368,,,,,
13.28571429,5_24_2019,34,0.05,15,7.75,7.25,7.8,60.8,-0.15,0.929487179,0.97972973,,,,,
13.28571429,5_24_2019,43,0.05,14.45,7.75,6.7,6.1,57.5,-0.05,1.098360656,0.992592593,,,,,
13.28571429,5_24_2019,53,0.05,10.75,7.8,2.95,5.2,57.2,-0.2,0.567307692,0.936507937,,,,,
13.28571429,5_24_2019,55,0.05,11.25,7.8,3.45,5.75,55.4,-0.6,0.6,0.851851852,,,,,
13.28571429,5_24_2019,65,0.05,13.95,7.75,6.2,6.5,61.1,-0.05,0.953846154,0.992,,,,,
13.28571429,5_24_2019,62,0.05,14.1,7.8,6.3,4.85,53.9,0,1.298969072,1,,,,,
13.28571429,5_24_2019,70,0.05,14.4,7.75,6.65,5.9,59.3,-0.1,1.127118644,0.985185185,,,,,
13.28571429,5_24_2019,74,0.05,14.6,7.75,6.85,5.75,59.7,-0.1,1.191304348,0.985611511,,,,,
13.28571429,5_24_2019,5,0.15,14.55,7.75,6.8,5.5,56.5,-0.05,1.236363636,0.99270073,,,,,
13.28571429,5_24_2019,6,0.15,15.4,7.75,7.65,6.85,60,-0.3,1.116788321,0.962264151,,,,,
13.28571429,5_24_2019,10,0.15,12.8,7.75,5.05,6.35,57.6,-0.3,0.795275591,0.943925234,,,,,
13.28571429,5_24_2019,25,0.15,13.25,7.75,5.5,8.15,54.5,0.2,0.674846626,1.037735849,,,,,
13.28571429,5_24_2019,39,0.15,13.6,7.8,5.8,5.05,58.2,0.25,1.148514851,1.045045045,,,,,
13.28571429,5_24_2019,42,0.15,13.15,7.75,5.4,6.35,58.7,-0.55,0.850393701,0.907563025,,,,,
13.28571429,5_24_2019,63,0.15,14.7,7.75,6.95,6.5,57.3,-0.15,1.069230769,0.978873239,,,,,
13.28571429,5_24_2019,71,0.15,15.45,7.75,7.7,4.85,59.6,-0.3,1.587628866,0.9625,,,,,
13.28571429,5_24_2019,79,0.15,15.9,7.8,8.1,5.9,56.8,-0.05,1.372881356,0.993865031,,,,,
13.28571429,5_24_2019,80,0.15,13.65,7.75,5.9,5.95,58.6,0,0.991596639,1,,,,,
13.28571429,5_24_2019,16,0.45,13.15,7.8,5.35,5.3,49.5,-0.05,1.009433962,0.990740741,,,,,
13.28571429,5_24_2019,26,0.45,11.8,7.8,4,7.2,56.7,-0.05,0.555555556,0.987654321,,,,,
13.28571429,5_24_2019,28,0.45,14.55,7.75,6.8,6.55,57.7,-0.35,1.038167939,0.951048951,,,,,
13.28571429,5_24_2019,32,0.45,15.85,7.8,8.05,8.35,59.2,-0.2,0.964071856,0.975757576,,,,,
13.28571429,5_24_2019,40,0.45,14.35,7.8,6.55,5.8,60.3,0,1.129310345,1,,,,,
13.28571429,5_24_2019,44,0.45,13.8,7.75,6.05,6.7,60.8,-0.25,0.902985075,0.96031746,,,,,
13.28571429,5_24_2019,57,0.45,12.55,7.75,4.8,5.2,56.9,-0.2,0.923076923,0.96,,,,,
13.28571429,5_24_2019,72,0.45,14,7.75,6.25,5.1,59.9,-0.5,1.225490196,0.925925926,,,,,
13.28571429,5_24_2019,76,0.45,14.1,7.75,6.35,6.05,56.9,-0.05,1.049586777,0.9921875,,,,,
13.28571429,5_24_2019,81,0.45,14.85,7.75,7.1,4.6,55.1,0.35,1.543478261,1.051851852,,,,,
13.28571429,5_24_2019,13,1.35,13.3,7.75,5.55,5.5,53.8,0.3,1.009090909,1.057142857,,,,,
13.28571429,5_24_2019,22,1.35,14.45,7.75,6.7,7.9,58.6,-0.1,0.848101266,0.985294118,,,,,
13.28571429,5_24_2019,24,1.35,12.2,7.8,4.4,6.4,54,-0.25,0.6875,0.946236559,,,,,
13.28571429,5_24_2019,27,1.35,NA,NA,NA,NA,NA,NA,NA,NA,,,,,
13.28571429,5_24_2019,49,1.35,11.9,7.8,4.1,6.5,53.2,-0.1,0.630769231,0.976190476,,,,,
13.28571429,5_24_2019,58,1.35,15.65,7.8,7.85,7.5,61,0,1.046666667,1,,,,,
13.28571429,5_24_2019,66,1.35,13.5,7.8,5.7,5.35,56.5,-0.2,1.065420561,0.966101695,,,,,
13.28571429,5_24_2019,77,1.35,14.6,7.8,6.8,6.75,59.3,0.05,1.007407407,1.007407407,,,,,
13.28571429,5_24_2019,78,1.35,13.5,7.75,5.75,5.5,55.9,-0.2,1.045454545,0.966386555,,,,,
13.28571429,5_24_2019,82,1.35,14.5,7.75,6.75,5.3,56.6,0,1.273584906,1,,,,,
